UNITID,INSTNM,STABBR,CONTROL,UGDS,C150_4,RET_FT4,NPT4_PUB,NPT4_PRIV,DEBT_MDN,COSTT4_A,MD_EARN_WNE_P10,PCTPELL,ADM_RATE,NET_PRICE
100654,Alabama A & M University,AL,1,6124.0,0.2403,0.6989,17621.0,,16600.0,27153.0,40628.0,0.6298,0.5795,17621.0
100663,University of Alabama at Birmingham,AL,1,11635.0,0.6423,0.8009,18749.0,,15832.0,28145.0,54501.0,0.3402,0.8818,18749.0
100706,University of Alabama in Huntsville,AL,1,6591.0,0.6429,0.8425,18796.0,,13905.0,27392.0,61767.0,0.2464,0.6857,18796.0
100724,Alabama State University,AL,1,3477.0,0.3034,0.6975,20435.0,,17500.0,23586.0,34502.0,0.7134,0.9755,20435.0
100751,The University of Alabama,AL,1,33227.0,0.7337,0.8949,22420.0,,17986.0,33382.0,59221.0,0.184,0.7665,22420.0
100830,Auburn University at Montgomery,AL,1,2542.0,0.326,0.6757,13224.0,,13119.0,21353.0,44391.0,0.4235,0.9157,13224.0
100858,Auburn University,AL,1,26816.0,0.8195,0.9478,24323.0,,17750.0,34919.0,65337.0,0.1253,0.4592,24323.0
101480,Jacksonville State University,AL,1,7036.0,0.5472,0.6457,14279.0,,14000.0,24257.0,45235.0,0.426,0.7769,14279.0
101587,University of West Alabama,AL,1,2974.0,0.347,0.6488,12684.0,,13000.0,22758.0,44232.0,0.5817,0.4265,12684.0
101709,University of Montevallo,AL,1,2151.0,0.541,0.7275,17683.0,,16000.0,27398.0,42957.0,0.3238,0.5385,17683.0
101879,University of North Alabama,AL,1,5811.0,0.5491,0.7969,12170.0,,15781.0,23786.0,45415.0,0.2435,0.8731,12170.0
102049,Samford University,AL,2,4206.0,0.7704,0.9287,,32622.0,15750.0,57456.0,58469.0,0.1109,0.8236,32622.0
102094,University of South Alabama,AL,1,8879.0,0.5267,0.7574,17648.0,,17750.0,25476.0,49379.0,0.3796,0.7096,17648.0
102368,Troy University,AL,1,9805.0,0.503,0.7121,16527.0,,15985.0,23165.0,42062.0,0.4282,0.9604,16527.0
102377,Tuskegee University,AL,2,2630.0,0.5498,0.8068,,35013.0,21250.0,43454.0,49641.0,0.5767,0.4868,35013.0
102553,University of Alaska Anchorage,AK,1,7212.0,0.2971,0.7068,15301.0,,11231.0,24096.0,51871.0,0.1846,,15301.0
102614,University of Alaska Fairbanks,AK,1,4207.0,0.3801,0.7406,10892.0,,11283.0,22407.0,48866.0,0.2243,,10892.0
104151,Arizona State University Campus Immersion,AZ,1,64674.0,0.6804,0.8664,14967.0,,13610.0,30111.0,62668.0,0.2899,0.8989,14967.0
104179,University of Arizona,AZ,1,42537.0,0.6752,0.8278,16674.0,,13750.0,29423.0,59979.0,0.257,0.8614,16674.0
104586,Embry-Riddle Aeronautical University-Prescott,AZ,2,3218.0,0.6776,0.8216,,40287.0,14250.0,62798.0,84131.0,0.1825,0.7658,40287.0
104717,Grand Canyon University,AZ,2,73371.0,0.4346,0.7205,,22472.0,12500.0,32702.0,42186.0,0.4594,0.7891,22472.0
105330,Northern Arizona University,AZ,1,22903.0,0.6132,0.7548,14158.0,,12916.0,29933.0,54384.0,0.3126,0.8961,14158.0
106245,University of Arkansas at Little Rock,AR,1,4949.0,0.4165,0.7647,17248.0,,14500.0,22519.0,45265.0,0.4118,0.5878,17248.0
106397,University of Arkansas,AR,1,28677.0,0.7052,0.8637,18209.0,,15749.0,27767.0,58191.0,0.1779,0.743,18209.0
106458,Arkansas State University,AR,1,9110.0,0.554,0.7812,12366.0,,15000.0,25082.0,42617.0,0.3838,0.8226,12366.0
106704,University of Central Arkansas,AR,1,7762.0,0.5353,0.7331,16511.0,,13000.0,25029.0,45938.0,0.3798,0.8949,16511.0
107044,Harding University,AR,2,3382.0,0.6879,0.864,,22130.0,21601.0,39534.0,52876.0,0.2381,0.7052,22130.0
107983,Southern Arkansas University Main Campus,AR,1,2708.0,0.4882,0.6616,14027.0,,12500.0,24951.0,42386.0,0.482,0.7533,14027.0
108232,Academy of Art University,CA,3,3587.0,0.3432,0.7543,,40613.0,11000.0,48036.0,39008.0,0.4104,,40613.0
109651,Art Center College of Design,CA,2,2017.0,0.7917,0.8594,,48661.0,26000.0,75649.0,71958.0,0.216,0.7454,48661.0
109785,Azusa Pacific University,CA,2,2759.0,0.6179,0.8402,,22212.0,19710.0,56313.0,66677.0,0.3515,0.8843,22212.0
110097,Biola University,CA,2,3474.0,0.676,0.839,,31495.0,19000.0,62757.0,56778.0,0.2604,0.7435,31495.0
110361,California Baptist University,CA,2,8179.0,0.6188,0.7436,,26285.0,20500.0,54038.0,61504.0,0.4206,0.8488,26285.0
110413,California Lutheran University,CA,2,2296.0,0.696,0.7878,,30109.0,18970.0,68426.0,68712.0,0.3109,0.7567,30109.0
110422,California Polytechnic State University-San Luis Obispo,CA,1,21996.0,0.864,0.9555,16665.0,,15396.0,32265.0,90768.0,0.1924,0.3132,16665.0
110486,California State University-Bakersfield,CA,1,8577.0,0.498,0.7883,5652.0,,11270.0,19522.0,59009.0,0.6065,0.9385,5652.0
110495,California State University-Stanislaus,CA,1,8385.0,0.5345,0.8246,6067.0,,11750.0,19739.0,63188.0,0.5519,0.9814,6067.0
110510,California State University-San Bernardino,CA,1,15023.0,0.549,0.7959,4564.0,,12445.0,17427.0,59977.0,0.5762,0.9374,4564.0
110529,California State Polytechnic University-Pomona,CA,1,25042.0,0.6843,0.8738,11531.0,,13437.0,23955.0,71902.0,0.4633,0.7517,11531.0
110538,California State University-Chico,CA,1,13631.0,0.6278,0.8163,14480.0,,14500.0,26283.0,64172.0,0.4252,0.9272,14480.0
110547,California State University-Dominguez Hills,CA,1,12538.0,0.4279,0.7365,8615.0,,11902.0,23191.0,57162.0,0.6333,0.933,8615.0
110556,California State University-Fresno,CA,1,21605.0,0.5696,0.8157,7000.0,,12463.0,20095.0,61244.0,0.5697,0.9526,7000.0
110565,California State University-Fullerton,CA,1,38546.0,0.7018,0.8242,6555.0,,12000.0,18269.0,62951.0,0.4807,0.9052,6555.0
110574,California State University-East Bay,CA,1,9809.0,0.4795,0.7569,9320.0,,12500.0,22850.0,71401.0,0.444,0.9739,9320.0
110583,California State University-Long Beach,CA,1,35924.0,0.6888,0.868,10440.0,,12227.0,22679.0,64403.0,0.5018,0.4627,10440.0
110592,California State University-Los Angeles,CA,1,19562.0,0.5298,0.7185,3967.0,,11966.0,18403.0,59211.0,0.663,0.9125,3967.0
110608,California State University-Northridge,CA,1,32691.0,0.5695,0.7344,7021.0,,12000.0,20485.0,59115.0,0.5607,0.9345,7021.0
110617,California State University-Sacramento,CA,1,28350.0,0.5629,0.8191,9338.0,,12500.0,22945.0,64876.0,0.4913,0.9399,9338.0
110635,University of California-Berkeley,CA,1,33068.0,0.9284,0.9679,13481.0,,12000.0,45619.0,92446.0,0.2864,0.1098,13481.0
110644,University of California-Davis,CA,1,32253.0,0.8567,0.9281,14741.0,,11000.0,41238.0,80838.0,0.3135,0.4183,14741.0
110653,University of California-Irvine,CA,1,30197.0,0.8687,0.9405,14251.0,,13820.0,38632.0,80735.0,0.361,0.2857,14251.0
110662,University of California-Los Angeles,CA,1,33475.0,0.9262,0.9731,12548.0,,12983.0,38614.0,82511.0,0.2824,0.0897,12548.0
110671,University of California-Riverside,CA,1,22593.0,0.7596,0.876,14304.0,,14944.0,38942.0,67699.0,0.4695,0.7639,14304.0
110680,University of California-San Diego,CA,1,34948.0,0.8605,0.9402,12470.0,,14778.0,38701.0,84943.0,0.342,0.2671,12470.0
110705,University of California-Santa Barbara,CA,1,23113.0,0.8303,0.93,16109.0,,11875.0,41573.0,74915.0,0.2785,0.3297,16109.0
110714,University of California-Santa Cruz,CA,1,17940.0,0.7509,0.8795,17890.0,,14334.0,41179.0,68396.0,0.3157,0.6579,17890.0
111948,Chapman University,CA,2,7478.0,0.8188,0.9181,,46555.0,17750.0,83146.0,70070.0,0.1939,0.6543,46555.0
115755,California State Polytechnic University-Humboldt,CA,1,5612.0,0.4855,0.7599,13171.0,,14500.0,25170.0,47626.0,0.4287,0.982,13171.0
117140,University of La Verne,CA,2,3050.0,0.6312,0.6445,,20161.0,21000.0,62278.0,65464.0,0.514,0.7117,20161.0
117946,Loyola Marymount University,CA,2,7094.0,0.7887,0.8858,,48381.0,15000.0,83943.0,78349.0,0.1322,0.4508,48381.0
119605,National University,CA,2,10794.0,0.4286,0.5263,,22878.0,18750.0,33978.0,67548.0,0.2884,,22878.0
120883,University of the Pacific,CA,2,3204.0,0.6905,0.8846,,25447.0,17653.0,71515.0,78445.0,0.3612,0.7132,25447.0
121150,Pepperdine University,CA,2,3553.0,0.8335,0.8757,,58098.0,19500.0,93512.0,82939.0,0.2025,0.6286,58098.0
121309,Point Loma Nazarene University,CA,2,3188.0,0.7717,0.8554,,38729.0,19500.0,60488.0,63998.0,0.2144,0.8368,38729.0
121691,University of Redlands,CA,2,2049.0,0.6727,0.8402,,30031.0,21250.0,76630.0,72690.0,0.3645,0.8271,30031.0
122409,San Diego State University,CA,1,35377.0,0.7643,0.9063,15364.0,,12847.0,27780.0,64909.0,0.3174,0.3619,15364.0
122436,University of San Diego,CA,2,5671.0,0.8367,0.914,,30365.0,19019.0,78720.0,86522.0,0.2092,0.5238,30365.0
122597,San Francisco State University,CA,1,18639.0,0.5037,0.827,12278.0,,12923.0,26488.0,68077.0,0.4222,0.9644,12278.0
122612,University of San Francisco,CA,2,5287.0,0.7006,0.8369,,41431.0,19000.0,80141.0,89812.0,0.2796,0.6171,41431.0
122755,San Jose State University,CA,1,27601.0,0.6922,0.8684,13760.0,,12000.0,26593.0,78988.0,0.3524,0.8461,13760.0
122931,Santa Clara University,CA,2,6552.0,0.8792,0.9392,,50062.0,16845.0,82026.0,109183.0,0.1127,0.48,50062.0
123572,Sonoma State University,CA,1,5166.0,0.5759,0.792,12885.0,,13000.0,24648.0,65986.0,0.3592,0.9343,12885.0
123961,University of Southern California,CA,2,20443.0,0.9183,0.9593,,32740.0,16112.0,90300.0,92498.0,0.2224,0.0981,32740.0
126562,University of Colorado Denver/Anschutz Medical Campus,CO,1,10519.0,0.4615,0.7265,11900.0,,14500.0,24902.0,64270.0,0.2616,0.7468,11900.0
126580,University of Colorado Colorado Springs,CO,1,8697.0,0.4693,0.6835,15788.0,,12965.0,24595.0,54659.0,0.2729,0.9735,15788.0
126614,University of Colorado Boulder,CO,1,31939.0,0.7419,0.9015,25346.0,,13000.0,37684.0,69738.0,0.1449,0.7808,25346.0
126669,Colorado Christian University,CO,2,5549.0,0.6441,0.8374,,29500.0,14000.0,54242.0,50416.0,0.3747,,29500.0
126678,Colorado College,CO,2,2014.0,0.8766,0.9362,,33375.0,13400.0,86921.0,65222.0,0.1445,0.1847,33375.0
126775,Colorado School of Mines,CO,1,6155.0,0.8171,0.9279,28690.0,,17500.0,40560.0,97335.0,0.1357,0.6069,28690.0
126818,Colorado State University-Fort Collins,CO,1,25538.0,0.6651,0.8589,21279.0,,14750.0,31642.0,60543.0,0.2109,0.8854,21279.0
126827,Colorado Technical University-Colorado Springs,CO,3,28086.0,0.1878,0.5056,,16745.0,12166.0,23744.0,37180.0,0.616,,16745.0
127060,University of Denver,CO,2,6025.0,0.756,0.8894,,36131.0,18000.0,78476.0,71155.0,0.1425,0.7781,36131.0
127185,Fort Lewis College,CO,1,3079.0,0.3564,0.6613,17296.0,,9000.0,27030.0,46349.0,0.3492,0.773,17296.0
127565,Metropolitan State University of Denver,CO,1,15002.0,0.3154,0.6289,15327.0,,12500.0,24622.0,52093.0,0.3551,0.988,15327.0
127741,University of Northern Colorado,CO,1,5598.0,0.5124,0.7585,17760.0,,13805.0,29254.0,52231.0,0.2618,0.8585,17760.0
127918,Regis University,CO,2,2627.0,0.6102,0.7143,,18397.0,19750.0,54800.0,72105.0,0.3183,0.8646,18397.0
127945,Rocky Mountain College of Art and Design,CO,3,2050.0,0.3176,0.5398,,32363.0,9500.0,37505.0,42958.0,0.4836,,32363.0
128106,Colorado State University Pueblo,CO,1,3042.0,0.3973,0.6425,10051.0,,14475.0,23937.0,55563.0,0.2857,0.949,10051.0
128771,Central Connecticut State University,CT,1,7822.0,0.4844,0.7711,16857.0,,16750.0,24870.0,58562.0,0.3836,0.7333,16857.0
129020,University of Connecticut,CT,1,19835.0,0.8329,0.9246,25097.0,,18610.0,39426.0,73997.0,0.2538,0.5239,25097.0
129215,Eastern Connecticut State University,CT,1,3418.0,0.5752,0.8374,21067.0,,18500.0,31983.0,56469.0,0.2868,0.8298,21067.0
129242,Fairfield University,CT,2,5373.0,0.843,0.9129,,48095.0,23251.0,76074.0,88794.0,0.0692,0.3329,48095.0
129525,University of Hartford,CT,2,4146.0,0.5438,0.829,,30282.0,19500.0,64729.0,60823.0,0.3304,0.9575,30282.0
129941,University of New Haven,CT,2,4841.0,0.6307,0.7648,,34192.0,20475.0,66962.0,60126.0,0.3244,0.6038,34192.0
130183,Post University,CT,3,13603.0,0.2493,0.3341,,21634.0,8750.0,28897.0,38696.0,0.7837,,21634.0
130226,Quinnipiac University,CT,2,6531.0,0.757,0.8912,,40675.0,21500.0,72215.0,83759.0,0.1617,0.7215,40675.0
130253,Sacred Heart University,CT,2,7087.0,0.7346,0.8308,,46174.0,19860.0,69289.0,75059.0,0.158,0.6536,46174.0
130493,Southern Connecticut State University,CT,1,6295.0,0.4993,0.7787,20857.0,,15000.0,29673.0,55043.0,0.4083,0.9147,20857.0
130590,Trinity College,CT,2,2146.0,0.8377,0.8995,,34832.0,21000.0,87840.0,90779.0,0.1377,0.2925,34832.0
130697,Wesleyan University,CT,2,3067.0,0.9264,0.9488,,30177.0,13824.0,89020.0,73897.0,0.1419,0.1649,30177.0
130776,Western Connecticut State University,CT,1,3511.0,0.5176,0.7319,17604.0,,17002.0,24877.0,59115.0,0.3515,0.8701,17604.0
130794,Yale University,CT,2,6758.0,0.9574,0.9878,,23777.0,11648.0,88300.0,100533.0,0.2039,0.0387,23777.0
130934,Delaware State University,DE,1,4398.0,0.391,0.6995,13910.0,,17500.0,27939.0,49307.0,0.4853,0.4658,13910.0
130943,University of Delaware,DE,1,19071.0,0.8055,0.9196,17799.0,,21000.0,30952.0,72950.0,0.1612,0.706,17799.0
131113,Wilmington University,DE,2,7906.0,0.1982,0.6122,,15644.0,14308.0,19644.0,53844.0,0.2613,,15644.0
131159,American University,DC,2,7266.0,0.7549,0.882,,41943.0,19500.0,76058.0,77370.0,0.1388,0.6196,41943.0
131283,The Catholic University of America,DC,2,3154.0,0.7947,0.8651,,29561.0,22250.0,75481.0,73250.0,0.2032,0.8278,29561.0
131469,George Washington University,DC,2,11182.0,0.8398,0.9223,,36586.0,19500.0,83856.0,90873.0,0.1582,0.4709,36586.0
131496,Georgetown University,DC,2,7569.0,0.9481,0.9675,,40815.0,13500.0,88741.0,103494.0,0.1012,0.1291,40815.0
131520,Howard University,DC,2,10108.0,0.6996,0.9088,,50539.0,19200.0,54630.0,63066.0,0.4,0.4134,50539.0
132471,Barry University,FL,2,2212.0,0.3787,0.6337,,22613.0,15750.0,50778.0,55966.0,0.3908,0.7724,22613.0
132602,Bethune-Cookman University,FL,2,2732.0,0.3052,0.6175,,12030.0,22500.0,29764.0,38518.0,0.783,0.8824,12030.0
132657,Lynn University,FL,2,2859.0,0.5206,0.766,,44089.0,10413.0,67880.0,49006.0,0.2341,0.7347,44089.0
132903,University of Central Florida,FL,1,59146.0,0.7801,0.9235,10411.0,,15000.0,23133.0,58308.0,0.3234,0.4011,10411.0
133553,Embry-Riddle Aeronautical University-Daytona Beach,FL,2,7860.0,0.6655,0.8806,,41272.0,14250.0,64632.0,84131.0,0.1478,0.6481,41272.0
133650,Florida Agricultural and Mechanical University,FL,1,7582.0,0.5335,0.8918,13739.0,,17855.0,23970.0,44349.0,0.5431,0.2056,13739.0
133669,Florida Atlantic University,FL,1,23757.0,0.6257,0.8447,8752.0,,12500.0,21522.0,56746.0,0.3392,0.6613,8752.0
133711,Flagler College,FL,2,2391.0,0.5598,0.7553,,30525.0,15000.0,45744.0,49483.0,0.2907,0.8076,30525.0
133881,Florida Institute of Technology,FL,2,3404.0,0.6354,0.7995,,35639.0,14049.0,62440.0,43137.0,0.2111,0.577,35639.0
133951,Florida International University,FL,1,39508.0,0.7443,0.9185,9288.0,,14246.0,21462.0,60249.0,0.4137,0.5466,9288.0
134079,Florida Southern College,FL,2,2656.0,0.7055,0.8,,28551.0,19500.0,60768.0,55294.0,0.281,0.6442,28551.0
134097,Florida State University,FL,1,32212.0,0.8561,0.9605,11297.0,,16100.0,25720.0,61675.0,0.2297,0.2422,11297.0
134130,University of Florida,FL,1,35629.0,0.9112,0.9771,6541.0,,14000.0,22523.0,71588.0,0.2166,0.242,6541.0
134237,Full Sail University,FL,3,25777.0,0.4433,0.5309,,38875.0,14038.0,47530.0,38219.0,0.3383,,38875.0
134945,Jacksonville University,FL,2,2930.0,0.5065,0.7467,,25180.0,12803.0,63969.0,68010.0,0.3073,0.5694,25180.0
135726,University of Miami,FL,2,12913.0,0.8368,0.9377,,37244.0,15250.0,86078.0,75328.0,0.1486,0.189,37244.0
136172,University of North Florida,FL,1,13359.0,0.6921,0.8466,10154.0,,11750.0,20983.0,56343.0,0.3075,0.5324,10154.0
136215,Nova Southeastern University,FL,2,7240.0,0.6334,0.7564,,30371.0,16985.0,56692.0,59209.0,0.3581,0.7321,30371.0
136330,Palm Beach Atlantic University,FL,2,2603.0,0.5534,0.6796,,28354.0,13816.0,53827.0,49232.0,0.2296,0.8199,28354.0
136950,Rollins College,FL,2,2631.0,0.7505,0.8524,,34732.0,21385.0,76108.0,58295.0,0.2285,0.4754,34732.0
137032,Saint Leo University,FL,2,6721.0,0.45,0.5922,,21293.0,14250.0,45264.0,48364.0,0.3249,0.784,21293.0
137351,University of South Florida,FL,1,37207.0,0.7676,0.9128,9812.0,,14976.0,22859.0,57743.0,0.2936,0.4319,9812.0
137476,St. Thomas University,FL,2,2214.0,0.4806,0.5656,,26312.0,9500.0,51205.0,54272.0,0.2697,0.9791,26312.0
137546,Stetson University,FL,2,2297.0,0.6229,0.7818,,19372.0,15000.0,72533.0,51642.0,0.3721,0.716,19372.0
137564,Southeastern University,FL,2,4813.0,0.4255,0.6989,,31942.0,12000.0,49329.0,46744.0,0.2151,0.5298,31942.0
137847,The University of Tampa,FL,2,10572.0,0.637,0.8545,,36211.0,18750.0,51614.0,59436.0,0.1516,0.4034,36211.0
138354,University of West Florida,FL,1,9330.0,0.588,0.8876,9364.0,,13000.0,19947.0,49137.0,0.3309,0.5824,9364.0
138558,Abraham Baldwin Agricultural College,GA,1,3208.0,0.3615,0.6917,6842.0,,8750.0,13956.0,34996.0,0.3474,0.7572,6842.0
138716,Albany State University,GA,1,5956.0,0.3105,0.7857,11898.0,,12000.0,19333.0,40674.0,0.6932,,11898.0
138947,Clark Atlanta University,GA,2,3603.0,0.4902,0.707,,37702.0,19500.0,43676.0,42712.0,0.7047,0.6422,37702.0
139144,Berry College,GA,2,2245.0,0.6949,0.8351,,22320.0,18900.0,56697.0,53800.0,0.2677,0.64,22320.0
139311,Clayton  State University,GA,1,4348.0,0.3986,0.7088,8365.0,,16750.0,17415.0,49179.0,0.5217,0.6845,8365.0
139366,Columbus State University,GA,1,5625.0,0.4176,0.6966,13115.0,,15000.0,21676.0,44544.0,0.4464,0.9912,13115.0
139463,Dalton State College,GA,1,4553.0,0.2531,0.709,5012.0,,7361.0,12719.0,40251.0,0.4986,,5012.0
139658,Emory University,GA,2,7298.0,0.9109,0.957,,22585.0,16750.0,83622.0,80137.0,0.1821,0.1065,22585.0
139719,Fort Valley State University,GA,1,2684.0,0.4111,0.7851,10338.0,,19000.0,19879.0,36666.0,0.7332,0.6587,10338.0
139755,Georgia Institute of Technology-Main Campus,GA,1,18785.0,0.9402,0.9808,12116.0,,20000.0,28167.0,102772.0,0.139,0.1407,12116.0
139764,Georgia Southwestern State University,GA,1,2424.0,0.4064,0.5755,12019.0,,11000.0,20484.0,48757.0,0.4344,0.7517,12019.0
139861,Georgia College & State University,GA,1,5947.0,0.6361,0.8235,20686.0,,16018.0,30258.0,58140.0,0.1757,0.7823,20686.0
139931,Georgia Southern University,GA,1,21790.0,0.549,0.7783,15267.0,,15250.0,24430.0,53236.0,0.3625,0.8789,15267.0
139940,Georgia State University,GA,1,26623.0,0.5306,0.7986,15931.0,,11750.0,28241.0,47384.0,0.5075,0.5544,15931.0
139959,University of Georgia,GA,1,32137.0,0.8969,0.9404,13936.0,,16666.0,27993.0,68726.0,0.1675,0.377,13936.0
139968,Gordon State College,GA,1,2544.0,0.2043,0.5122,8105.0,,8750.0,14771.0,37871.0,0.4843,0.859,8105.0
140447,Mercer University,GA,2,4500.0,0.6962,0.8216,,23847.0,17655.0,58204.0,58354.0,0.3543,0.6889,23847.0
140553,Morehouse College,GA,2,2844.0,0.5944,0.8691,,39013.0,18500.0,51433.0,52889.0,0.4467,0.4396,39013.0
140951,Savannah College of Art and Design,GA,2,15243.0,0.6941,0.8633,,49430.0,15500.0,63627.0,45954.0,0.1882,0.8298,49430.0
140960,Savannah State University,GA,1,2833.0,0.2804,0.7472,8172.0,,16500.0,17191.0,37981.0,0.6755,,8172.0
141060,Spelman College,GA,2,3414.0,0.7846,0.9409,,38967.0,21750.0,50952.0,59993.0,0.2783,0.2487,38967.0
141264,Valdosta State University,GA,1,6622.0,0.4236,0.7187,10945.0,,13750.0,20801.0,49361.0,0.5228,0.7229,10945.0
141334,University of West Georgia,GA,1,7520.0,0.4349,0.775,12786.0,,15000.0,21981.0,49587.0,0.404,0.5161,12786.0
141565,University of Hawaii at Hilo,HI,1,2160.0,0.4837,0.7275,11856.0,,12500.0,21173.0,47856.0,0.4039,0.6063,11856.0
141574,University of Hawaii at Manoa,HI,1,15029.0,0.6429,0.8072,15664.0,,13099.0,26433.0,57624.0,0.2623,0.866,15664.0
141644,Hawaii Pacific University,HI,2,2392.0,0.3489,0.5645,,29657.0,12000.0,50674.0,59593.0,0.2145,0.8587,29657.0
141981,University of Hawaii-West Oahu,HI,1,2519.0,0.4955,0.7795,10327.0,,11848.0,18410.0,52075.0,0.3206,0.9534,10327.0
142115,Boise State University,ID,1,17674.0,0.602,0.7885,21610.0,,14000.0,28224.0,51658.0,0.1808,0.8721,21610.0
142276,Idaho State University,ID,1,7583.0,0.3939,0.7198,12193.0,,12500.0,21527.0,45608.0,0.2794,,12193.0
142285,University of Idaho,ID,1,7747.0,0.5728,0.7559,14831.0,,15784.0,23738.0,54670.0,0.2348,0.7553,14831.0
142328,Lewis-Clark State College,ID,1,2385.0,0.4017,0.6105,15635.0,,10989.0,21925.0,46001.0,0.2428,0.8769,15635.0
143048,School of the Art Institute of Chicago,IL,2,2805.0,0.6699,0.8383,,49790.0,19000.0,75625.0,40151.0,0.1873,0.7747,49790.0
143084,Augustana College,IL,2,2490.0,0.7286,0.8211,,22736.0,26000.0,63553.0,62971.0,0.24,0.6268,22736.0
143118,Aurora University,IL,2,3974.0,0.6032,0.7706,,18838.0,15500.0,40625.0,58709.0,0.4495,0.8085,18838.0
143358,Bradley University,IL,2,3574.0,0.7617,0.8265,,22719.0,23250.0,54730.0,66852.0,0.3165,0.7676,22719.0
144050,University of Chicago,IL,2,7569.0,0.9585,0.9926,,14860.0,13368.0,90360.0,91885.0,0.1526,0.0448,14860.0
144281,Columbia College Chicago,IL,2,5368.0,0.5155,0.6603,,26598.0,16500.0,51889.0,42195.0,0.4596,0.8946,26598.0
144740,DePaul University,IL,2,14090.0,0.678,0.855,,30902.0,19383.0,63052.0,68751.0,0.3178,0.7589,30902.0
144892,Eastern Illinois University,IL,1,4188.0,0.4736,0.7171,12786.0,,15722.0,26996.0,51989.0,0.2941,0.6535,12786.0
144962,Elmhurst University,IL,2,3006.0,0.7,0.799,,24185.0,15000.0,54679.0,61462.0,0.3681,0.7364,24185.0
145336,Governors State University,IL,1,2556.0,0.2211,0.5622,12329.0,,14000.0,24227.0,58169.0,0.5359,0.4827,12329.0
145600,University of Illinois Chicago,IL,1,22170.0,0.6162,0.8021,10974.0,,13657.0,27521.0,68740.0,0.4893,0.7735,10974.0
145637,University of Illinois Urbana-Champaign,IL,1,36258.0,0.8513,0.948,14355.0,,16500.0,33642.0,81054.0,0.2341,0.4237,14355.0
145725,Illinois Institute of Technology,IL,2,2833.0,0.7521,0.8596,,18425.0,20687.0,68164.0,82592.0,0.3001,0.5493,18425.0
145813,Illinois State University,IL,1,19057.0,0.6454,0.8144,19398.0,,15750.0,34309.0,62117.0,0.3207,0.8815,19398.0
146612,Lewis University,IL,2,4015.0,0.6661,0.7915,,17028.0,18750.0,47313.0,66099.0,0.3255,0.7129,17028.0
146719,Loyola University Chicago,IL,2,11737.0,0.7304,0.8167,,36079.0,20500.0,67408.0,71530.0,0.2375,0.816,36079.0
147536,National Louis University,IL,2,4406.0,0.3014,0.5042,,12641.0,12500.0,24154.0,45799.0,0.5515,0.9505,12641.0
147660,North Central College,IL,2,2428.0,0.64,0.7713,,21044.0,18750.0,57219.0,60123.0,0.2395,0.7733,21044.0
147703,Northern Illinois University,IL,1,11301.0,0.4866,0.6962,13391.0,,16250.0,28851.0,57808.0,0.4732,0.6979,13391.0
147767,Northwestern University,IL,2,9201.0,0.9513,0.981,,29167.0,14000.0,91250.0,89363.0,0.1855,0.0769,29167.0
147776,Northeastern Illinois University,IL,1,3982.0,0.2165,0.5233,14109.0,,11969.0,26960.0,52234.0,0.5567,0.746,14109.0
147828,Olivet Nazarene University,IL,2,2603.0,0.6084,0.7083,,20729.0,19313.0,51981.0,53213.0,0.3804,0.5586,20729.0
148487,Roosevelt University,IL,2,2849.0,0.3514,0.6162,,20194.0,14667.0,35332.0,48712.0,0.5132,0.9716,20194.0
148496,Dominican University,IL,2,2561.0,0.5526,0.7793,,11745.0,18750.0,43891.0,60327.0,0.5152,0.9032,11745.0
148627,Saint Xavier University,IL,2,3096.0,0.5661,0.7573,,10970.0,16699.0,43244.0,58656.0,0.5887,0.843,10970.0
148654,University of Illinois Springfield,IL,1,2263.0,0.5321,0.748,9833.0,,14000.0,25521.0,57103.0,0.3736,0.8588,9833.0
149222,Southern Illinois University-Carbondale,IL,1,8494.0,0.6241,0.668,13297.0,,17750.0,28329.0,53390.0,0.3883,0.8688,13297.0
149231,Southern Illinois University Edwardsville,IL,1,8750.0,0.5697,0.757,14889.0,,15500.0,28919.0,56346.0,0.3266,0.975,14889.0
149772,Western Illinois University,IL,1,4410.0,0.4522,0.6137,12937.0,,19762.0,28254.0,54163.0,0.2806,0.7118,12937.0
149781,Wheaton College,IL,2,2121.0,0.8475,0.9259,,26975.0,20000.0,59263.0,63756.0,0.2171,0.874,26975.0
150136,Ball State University,IN,1,13988.0,0.6234,0.777,14940.0,,16904.0,26146.0,51833.0,0.3471,0.855,14940.0
150163,Butler University,IN,2,4317.0,0.8038,0.8749,,36041.0,22238.0,65970.0,77235.0,0.1505,0.8508,36041.0
151102,Purdue University Fort Wayne,IN,1,5484.0,0.3627,0.6657,13171.0,,10556.0,22183.0,45872.0,0.2477,0.8389,13171.0
151111,Indiana University-Indianapolis,IN,1,13830.0,0.5445,0.7219,11668.0,,13337.0,23316.0,55198.0,0.373,0.7637,11668.0
151263,University of Indianapolis,IN,2,3005.0,0.5582,0.7104,,21602.0,18714.0,52590.0,53610.0,0.3258,0.665,21602.0
151324,Indiana State University,IN,1,6188.0,0.4288,0.6585,10873.0,,14574.0,24535.0,48387.0,0.4156,0.8077,10873.0
151333,Indiana University-Kokomo,IN,1,2352.0,0.4561,0.6934,3968.0,,10000.0,11837.0,49917.0,0.334,0.8648,3968.0
151342,Indiana University-South Bend,IN,1,3933.0,0.4009,0.6509,8653.0,,12000.0,17364.0,44947.0,0.4267,0.8384,8653.0
151351,Indiana University-Bloomington,IN,1,37806.0,0.8021,0.9106,16264.0,,15519.0,28801.0,63742.0,0.1676,0.7821,16264.0
151360,Indiana University-Northwest,IN,1,2661.0,0.3738,0.7136,5130.0,,12478.0,13989.0,43361.0,0.4255,0.7339,5130.0
151379,Indiana University-Southeast,IN,1,3170.0,0.3919,0.6377,7888.0,,11650.0,16411.0,47596.0,0.3229,0.8446,7888.0
151388,Indiana University-East,IN,1,2589.0,0.3958,0.6176,8134.0,,12000.0,16954.0,47156.0,0.3543,0.6722,8134.0
151786,Marian University,IN,2,2266.0,0.6722,0.7588,,24018.0,20000.0,56258.0,58759.0,0.2853,0.9546,24018.0
152080,University of Notre Dame,IN,2,8818.0,0.9517,0.9908,,26780.0,19000.0,83271.0,99980.0,0.1374,0.1127,26780.0
152318,Rose-Hulman Institute of Technology,IN,2,2309.0,0.7816,0.9167,,42513.0,21751.0,77890.0,101253.0,0.1181,0.7686,42513.0
152530,Taylor University,IN,2,2025.0,0.7381,0.8929,,24865.0,15500.0,53405.0,52198.0,0.1349,0.7353,24865.0
152567,Trine University,IN,2,2324.0,0.6438,0.7994,,25355.0,18500.0,51109.0,57165.0,0.1556,0.8548,25355.0
152600,Valparaiso University,IN,2,2083.0,0.7037,0.754,,18578.0,22133.0,58437.0,63191.0,0.2732,0.8943,18578.0
153269,Drake University,IA,2,2543.0,0.7403,0.8409,,29127.0,19500.0,64835.0,71901.0,0.2169,0.6385,29127.0
153603,Iowa State University,IA,1,25367.0,0.7532,0.8757,18589.0,,18750.0,24018.0,63386.0,0.1877,0.8866,18589.0
153658,University of Iowa,IA,1,22264.0,0.7463,0.9036,22531.0,,18207.0,28596.0,64762.0,0.1835,0.8362,22531.0
154022,The University of Arizona Global Campus,AZ,1,20152.0,0.1068,0.3473,,31266.0,9500.0,37594.0,35404.0,0.3207,,31266.0
154095,University of Northern Iowa,IA,1,7529.0,0.6792,0.8166,15901.0,,16486.0,22278.0,55177.0,0.2739,0.9274,15901.0
154712,Benedictine College,KS,2,2272.0,0.6158,0.8323,,27891.0,18570.0,52206.0,53175.0,0.1878,0.9812,27891.0
155025,Emporia State University,KS,1,2239.0,0.561,0.7685,16261.0,,14000.0,21967.0,47601.0,0.3449,0.9771,16261.0
155061,Fort Hays State University,KS,1,9733.0,0.477,0.7688,12569.0,,14250.0,19909.0,48928.0,0.2278,0.9026,12569.0
155317,University of Kansas,KS,1,21217.0,0.6881,0.8649,18059.0,,15500.0,26751.0,61945.0,0.2047,0.9348,18059.0
155399,Kansas State University,KS,1,15142.0,0.7108,0.8559,19406.0,,17294.0,27402.0,57262.0,0.2071,0.8169,19406.0
155681,Pittsburg State University,KS,1,4210.0,0.5659,0.7719,15784.0,,14000.0,22099.0,50579.0,0.3046,0.8942,15784.0
156082,Washburn University,KS,1,4562.0,0.5296,0.6803,15280.0,,12500.0,21512.0,49774.0,0.3359,,15280.0
156125,Wichita State University,KS,1,10780.0,0.5103,0.693,13194.0,,14700.0,21780.0,51532.0,0.3055,0.9395,13194.0
156286,Bellarmine University,KY,2,2161.0,0.6436,0.7512,,21499.0,20000.0,61691.0,62069.0,0.3071,0.8611,21499.0
156365,Campbellsville University,KY,2,2840.0,0.4201,0.645,,19341.0,9500.0,42603.0,41583.0,0.2005,0.7974,19341.0
156471,Galen College of Nursing-Louisville,KY,3,4801.0,0.6146,0.7959,,18540.0,16500.0,,61480.0,0.2461,,18540.0
156541,University of the Cumberlands,KY,2,6941.0,0.5043,0.743,,14107.0,8592.0,25567.0,45036.0,0.5338,0.9881,14107.0
156620,Eastern Kentucky University,KY,1,12318.0,0.5004,0.7693,11040.0,,14929.0,23735.0,45795.0,0.411,0.7761,11040.0
157085,University of Kentucky,KY,1,24763.0,0.7142,0.8684,18851.0,,16750.0,34391.0,59025.0,0.2252,0.9294,18851.0
157289,University of Louisville,KY,1,14727.0,0.6123,0.8149,17988.0,,13750.0,32941.0,53899.0,0.306,0.7941,17988.0
157386,Morehead State University,KY,1,4578.0,0.5219,0.6501,9793.0,,14705.0,21961.0,43197.0,0.2955,0.7721,9793.0
157401,Murray State University,KY,1,6688.0,0.6132,0.7565,9096.0,,15000.0,23485.0,44737.0,0.3332,0.8568,9096.0
157447,Northern Kentucky University,KY,1,8246.0,0.5224,0.7551,8191.0,,15159.0,19725.0,50220.0,0.2523,0.6765,8191.0
157951,Western Kentucky University,KY,1,12155.0,0.5556,0.7831,10990.0,,14702.0,24188.0,43889.0,0.3048,0.9387,10990.0
159009,Grambling State University,LA,1,4164.0,0.3616,0.6608,19809.0,,24500.0,25367.0,41109.0,0.7497,0.4486,19809.0
159382,Louisiana State University at Alexandria,LA,1,5632.0,0.3422,0.6952,7065.0,,10500.0,15550.0,42205.0,0.3538,0.9208,7065.0
159391,Louisiana State University and Agricultural & Mechanical College,LA,1,30594.0,0.6881,0.8474,19151.0,,12956.0,34705.0,61251.0,0.2655,0.7333,19151.0
159416,Louisiana State University-Shreveport,LA,1,2153.0,0.3754,0.8315,7022.0,,15000.0,19461.0,47477.0,0.3862,0.5055,7022.0
159647,Louisiana Tech University,LA,1,8312.0,0.6382,0.822,11864.0,,15000.0,24280.0,52279.0,0.2168,0.864,11864.0
159656,Loyola University New Orleans,LA,2,2812.0,0.5903,0.8006,,23696.0,18500.0,64157.0,52927.0,0.3732,0.9305,23696.0
159717,McNeese State University,LA,1,5005.0,0.4704,0.6844,12493.0,,13000.0,22810.0,46453.0,0.3459,0.7827,12493.0
159939,University of New Orleans,LA,1,4638.0,0.3799,0.6679,12384.0,,11000.0,23431.0,47872.0,0.3912,0.7431,12384.0
159966,Nicholls State University,LA,1,4737.0,0.538,0.766,12947.0,,13156.0,23481.0,45454.0,0.3407,0.908,12947.0
159993,University of Louisiana at Monroe,LA,1,5022.0,0.542,0.7275,13466.0,,15000.0,24932.0,46769.0,0.3477,0.8475,13466.0
160038,Northwestern State University of Louisiana,LA,1,5519.0,0.432,0.7087,13606.0,,15000.0,25431.0,47021.0,0.3524,0.9254,13606.0
160612,Southeastern Louisiana University,LA,1,9514.0,0.4541,0.7253,13154.0,,11077.0,23604.0,46482.0,0.3326,0.9931,13154.0
160621,Southern University and A & M College,LA,1,5519.0,0.2709,0.6031,20077.0,,15455.0,26341.0,43371.0,0.6814,0.3512,20077.0
160658,University of Louisiana at Lafayette,LA,1,12428.0,0.5263,0.7428,13530.0,,14991.0,24884.0,47089.0,0.4151,0.8701,13530.0
160755,Tulane University of Louisiana,LA,2,7767.0,0.8614,0.9255,,39949.0,19250.0,87004.0,63268.0,0.0976,0.1398,39949.0
160904,Xavier University of Louisiana,LA,2,2628.0,0.4855,0.7168,,17127.0,14000.0,40434.0,52184.0,0.5419,0.6904,17127.0
161086,Colby College,ME,2,2407.0,0.8879,0.9365,,17180.0,15000.0,85420.0,80490.0,0.1432,0.0709,17180.0
161217,University of Maine at Augusta,ME,1,2659.0,0.2698,0.6,10924.0,,13215.0,19052.0,40342.0,0.3296,,10924.0
161253,University of Maine,ME,1,8496.0,0.5494,0.8336,17510.0,,16750.0,27328.0,48653.0,0.2327,0.9664,17510.0
161457,University of New England,ME,2,2135.0,0.6835,0.7942,,38107.0,20000.0,63245.0,55921.0,0.1178,0.9163,38107.0
161554,University of Southern Maine,ME,1,4222.0,0.4035,0.7394,13596.0,,12887.0,23717.0,49958.0,0.2828,0.7923,13596.0
161572,Unity Environmental University,ME,2,6483.0,0.2867,0.3611,,19104.0,4752.0,21931.0,37852.0,0.6391,,19104.0
162007,Bowie State University,MD,1,5043.0,0.382,0.6819,19298.0,,12861.0,25220.0,54537.0,0.4435,0.7241,19298.0
162584,Frostburg State University,MD,1,2909.0,0.4966,0.6928,16715.0,,14867.0,27056.0,55493.0,0.3221,0.8918,16715.0
162928,Johns Hopkins University,MD,2,5693.0,0.9378,0.9809,,18809.0,9000.0,85947.0,87555.0,0.1949,0.0644,18809.0
163046,Loyola University Maryland,MD,2,3869.0,0.7919,0.8711,,30574.0,23882.0,74055.0,82652.0,0.2037,0.7549,30574.0
163204,University of Maryland Global Campus,MD,1,49664.0,0.3333,0.5538,22063.0,,10500.0,25400.0,65287.0,0.2938,,22063.0
163268,University of Maryland-Baltimore County,MD,1,10701.0,0.7001,0.8505,16467.0,,15750.0,28576.0,69960.0,0.3004,0.7243,16467.0
163286,University of Maryland-College Park,MD,1,30760.0,0.8859,0.962,15678.0,,17000.0,29299.0,82860.0,0.1939,0.4479,15678.0
163338,University of Maryland Eastern Shore,MD,1,2391.0,0.3533,0.6179,13338.0,,18500.0,25941.0,47697.0,0.5571,0.9641,13338.0
163453,Morgan State University,MD,1,9019.0,0.4087,0.7334,14985.0,,19500.0,25413.0,50698.0,0.5655,0.8223,14985.0
163851,Salisbury University,MD,1,6057.0,0.6815,0.7766,17743.0,,15750.0,28310.0,61515.0,0.2586,0.8747,17743.0
164076,Towson University,MD,1,16136.0,0.6946,0.8277,17413.0,,15362.0,28535.0,64390.0,0.3579,0.8197,17413.0
164173,Stevenson University,MD,2,3102.0,0.6849,0.7879,,26505.0,21500.0,58394.0,62079.0,0.3088,0.7891,26505.0
164580,Babson College,MA,2,2728.0,0.9312,0.9457,,40514.0,19000.0,80192.0,123938.0,0.1628,0.1709,40514.0
164739,Bentley University,MA,2,4474.0,0.8679,0.9268,,37930.0,24007.0,79548.0,120959.0,0.1607,0.4505,37930.0
164748,Berklee College of Music,MA,2,7468.0,0.6731,0.8857,,49465.0,15750.0,72700.0,33647.0,0.1618,0.4353,49465.0
164924,Boston College,MA,2,10085.0,0.9083,0.9602,,41704.0,17962.0,89493.0,103937.0,0.1291,0.1643,41704.0
164988,Boston University,MA,2,18248.0,0.8866,0.9472,,24402.0,21500.0,86285.0,83238.0,0.1915,0.1111,24402.0
165015,Brandeis University,MA,2,3618.0,0.8603,0.8702,,35736.0,23250.0,86448.0,77231.0,0.1497,0.405,35736.0
165024,Bridgewater State University,MA,1,7829.0,0.5341,0.7512,16383.0,,18746.0,26160.0,57466.0,0.3194,0.8781,16383.0
165334,Clark University,MA,2,2214.0,0.7694,0.8617,,28714.0,22141.0,68432.0,62381.0,0.2313,0.3954,28714.0
165662,Emerson College,MA,2,3870.0,0.7711,0.8736,,49180.0,19000.0,80399.0,62832.0,0.1551,0.5131,49180.0
165699,Endicott College,MA,2,3125.0,0.7556,0.8436,,40654.0,23250.0,59328.0,58336.0,0.13,0.7121,40654.0
165820,Fitchburg State University,MA,1,2752.0,0.5512,0.6947,14262.0,,18220.0,25555.0,53874.0,0.3279,0.8693,14262.0
165866,Framingham State University,MA,1,2566.0,0.478,0.7099,16114.0,,17224.0,27413.0,52349.0,0.3688,0.8361,16114.0
166027,Harvard University,MA,2,7601.0,0.9758,0.983,,19066.0,12500.0,85540.0,101817.0,0.1643,0.0365,19066.0
166124,College of the Holy Cross,MA,2,3106.0,0.8733,0.9478,,38782.0,25879.0,80334.0,90543.0,0.148,0.1761,38782.0
166513,University of Massachusetts-Lowell,MA,1,11434.0,0.6482,0.8399,17163.0,,18250.0,30786.0,64874.0,0.3,0.8304,17163.0
166629,University of Massachusetts-Amherst,MA,1,23671.0,0.8326,0.9191,22383.0,,20000.0,34549.0,71631.0,0.1994,0.5973,22383.0
166638,University of Massachusetts-Boston,MA,1,11512.0,0.4941,0.7041,17707.0,,15000.0,30544.0,65865.0,0.4155,0.8378,17707.0
166656,Massachusetts College of Pharmacy and Health Sciences,MA,2,3451.0,0.6202,0.7396,,39545.0,25000.0,65022.0,125557.0,0.3006,0.8521,39545.0
166683,Massachusetts Institute of Technology,MA,2,4535.0,0.9641,0.9908,,20111.0,12462.0,82730.0,143372.0,0.1932,0.0455,20111.0
166850,Merrimack College,MA,2,3916.0,0.7005,0.7927,,37927.0,23750.0,70038.0,75584.0,0.1558,0.7002,37927.0
166939,Mount Holyoke College,MA,2,2169.0,0.8439,0.8859,,26441.0,18258.0,84926.0,58418.0,0.2189,0.3603,26441.0
167358,Northeastern University,MA,2,17326.0,0.9054,0.969,,30915.0,22000.0,84641.0,92538.0,0.1234,0.0522,30915.0
167729,Salem State University,MA,1,4291.0,0.4977,0.7525,15996.0,,19500.0,28291.0,56662.0,0.3538,0.9588,15996.0
167835,Smith College,MA,2,2544.0,0.8905,0.943,,27579.0,13500.0,86030.0,64027.0,0.1788,0.21,27579.0
167987,University of Massachusetts-Dartmouth,MA,1,5221.0,0.5207,0.636,20927.0,,18133.0,33485.0,68804.0,0.3702,0.9064,20927.0
167996,Stonehill College,MA,2,2528.0,0.76,0.8396,,33016.0,23472.0,72714.0,77745.0,0.1706,0.6628,33016.0
168005,Suffolk University,MA,2,4268.0,0.6088,0.7543,,29618.0,20500.0,65281.0,67506.0,0.2995,0.8233,29618.0
168148,Tufts University,MA,2,7061.0,0.9351,0.955,,39998.0,15043.0,88300.0,83214.0,0.1204,0.1149,39998.0
168218,Wellesley College,MA,2,2300.0,0.9153,0.965,,25496.0,8700.0,86290.0,84803.0,0.2113,0.1405,25496.0
168227,Wentworth Institute of Technology,MA,2,3747.0,0.6824,0.8376,,34170.0,18500.0,61096.0,82721.0,0.2311,0.9121,34170.0
168254,Western New England University,MA,2,2603.0,0.6398,0.7397,,27290.0,19500.0,60262.0,73157.0,0.2446,0.8348,27290.0
168263,Westfield State University,MA,1,3615.0,0.5441,0.739,16721.0,,15250.0,27649.0,57346.0,0.3295,0.8141,16721.0
168342,Williams College,MA,2,2076.0,0.9361,0.9685,,17716.0,11667.0,84860.0,88665.0,0.1761,0.0825,17716.0
168421,Worcester Polytechnic Institute,MA,2,5447.0,0.8971,0.9366,,43071.0,26978.0,78679.0,103470.0,0.1188,0.6016,43071.0
168430,Worcester State University,MA,1,3930.0,0.6145,0.7814,13381.0,,13916.0,22874.0,60624.0,0.3,0.8799,13381.0
168847,Baker College,MI,2,3026.0,0.3583,0.661,,13157.0,16753.0,24526.0,35833.0,0.3768,0.8187,13157.0
169080,Calvin University,MI,2,3193.0,0.7406,0.8676,,22992.0,19500.0,54222.0,58375.0,0.1743,0.7091,22992.0
169248,Central Michigan University,MI,1,10035.0,0.5872,0.7536,17597.0,,23183.0,30681.0,55874.0,0.3143,0.8982,17597.0
169479,Davenport University,MI,2,3134.0,0.5659,0.8205,,17707.0,17353.0,37319.0,45099.0,0.338,0.9784,17707.0
169716,University of Detroit Mercy,MI,2,2438.0,0.672,0.8349,,15232.0,19950.0,42211.0,71030.0,0.2634,0.7542,15232.0
169798,Eastern Michigan University,MI,1,10055.0,0.4644,0.6875,15407.0,,18750.0,29640.0,51793.0,0.3664,0.7964,15407.0
169910,Ferris State University,MI,1,8106.0,0.4687,0.7762,8624.0,,15500.0,27048.0,54735.0,0.3423,0.9139,8624.0
170082,Grand Valley State University,MI,1,18854.0,0.6701,0.7632,16317.0,,19500.0,28367.0,56118.0,0.2923,0.8302,16317.0
170301,Hope College,MI,2,3288.0,0.7995,0.8837,,27182.0,23250.0,55646.0,58427.0,0.1648,0.7924,27182.0
170976,University of Michigan-Ann Arbor,MI,1,34177.0,0.932,0.9747,13138.0,,17625.0,34654.0,83648.0,0.1813,0.1564,13138.0
171100,Michigan State University,MI,1,40922.0,0.8072,0.9005,19680.0,,19500.0,32198.0,67253.0,0.2009,0.848,19680.0
171128,Michigan Technological University,MI,1,5955.0,0.6806,0.8882,14182.0,,20500.0,34152.0,78198.0,0.2023,0.9243,14182.0
171137,University of Michigan-Dearborn,MI,1,5952.0,0.5798,0.8249,9492.0,,17000.0,24040.0,59649.0,0.4624,0.5561,9492.0
171146,University of Michigan-Flint,MI,1,4411.0,0.4031,0.7778,7007.0,,18494.0,20915.0,53230.0,0.386,0.7046,7007.0
171456,Northern Michigan University,MI,1,6556.0,0.5214,0.7796,14085.0,,13750.0,27841.0,47107.0,0.2795,0.8402,14085.0
171571,Oakland University,MI,1,12351.0,0.5756,0.7794,9120.0,,16787.0,25182.0,58612.0,0.3198,0.8784,9120.0
172051,Saginaw Valley State University,MI,1,5989.0,0.4825,0.7757,10775.0,,17500.0,24936.0,51955.0,0.3517,0.7207,10775.0
172644,Wayne State University,MI,1,15587.0,0.5844,0.8265,12766.0,,16597.0,27350.0,53493.0,0.4569,0.8116,12766.0
172699,Western Michigan University,MI,1,12568.0,0.5757,0.8112,15273.0,,20115.0,29237.0,53562.0,0.2675,0.846,15273.0
173045,Augsburg University,MN,2,2494.0,0.5167,0.7233,,23873.0,19500.0,62303.0,58829.0,0.5614,0.8198,23873.0
173124,Bemidji State University,MN,1,3139.0,0.4787,0.7267,15261.0,,13809.0,22744.0,53755.0,0.2832,0.5598,15261.0
173258,Carleton College,MN,2,2086.0,0.896,0.9647,,25407.0,15960.0,84893.0,75525.0,0.1653,0.2041,25407.0
173328,Concordia University-Saint Paul,MN,2,3018.0,0.459,0.6739,,18462.0,12166.0,37239.0,59871.0,0.3522,0.7887,18462.0
173902,Macalester College,MN,2,2131.0,0.871,0.9228,,32149.0,19500.0,82991.0,63878.0,0.1723,0.2852,32149.0
173920,Minnesota State University-Mankato,MN,1,11703.0,0.5395,0.8025,19139.0,,14000.0,23995.0,56922.0,0.2096,0.8844,19139.0
174020,Metropolitan State University,MN,1,5616.0,0.4357,0.6754,16863.0,,12900.0,25172.0,64705.0,0.4755,0.9871,16863.0
174066,University of Minnesota-Twin Cities,MN,1,31855.0,0.8528,0.9112,16778.0,,16727.0,30061.0,69020.0,0.1765,0.7975,16778.0
174233,University of Minnesota-Duluth,MN,1,7336.0,0.6472,0.8114,18743.0,,16000.0,27680.0,62616.0,0.1879,0.8875,18743.0
174358,Minnesota State University Moorhead,MN,1,3072.0,0.5732,0.7496,17997.0,,15000.0,25197.0,50527.0,0.2795,0.5876,17997.0
174783,Saint Cloud State University,MN,1,5088.0,0.4032,0.7065,13529.0,,14362.0,21116.0,55813.0,0.2167,0.948,13529.0
174844,St Olaf College,MN,2,3093.0,0.84,0.9223,,23874.0,23250.0,71843.0,65543.0,0.2121,0.4832,23874.0
174914,University of St Thomas,MN,2,6245.0,0.7638,0.8845,,29155.0,19500.0,66116.0,73739.0,0.2177,0.8536,29155.0
175005,St Catherine University,MN,2,2473.0,0.6125,0.8034,,19764.0,19716.0,60476.0,59282.0,0.4007,0.9185,19764.0
175078,Southwest Minnesota State University,MN,1,2315.0,0.451,0.7371,15291.0,,14250.0,24757.0,51342.0,0.1207,0.6218,15291.0
175272,Winona State University,MN,1,5144.0,0.5694,0.7904,17503.0,,15000.0,23683.0,58532.0,0.2422,0.7549,17503.0
175342,Alcorn State University,MS,1,2363.0,0.5736,0.7665,13265.0,,17021.0,23751.0,36421.0,0.6978,0.4533,13265.0
175856,Jackson State University,MS,1,4600.0,0.5091,0.6235,23836.0,,24751.0,32415.0,39060.0,0.7232,0.9315,23836.0
176017,University of Mississippi,MS,1,21473.0,0.7174,0.8721,13314.0,,15250.0,28660.0,50994.0,0.2173,0.9658,13314.0
176053,Mississippi Christian University,MS,2,2518.0,0.5934,0.7776,,27712.0,17759.0,41214.0,47485.0,0.2964,0.2911,27712.0
176080,Mississippi State University,MS,1,18397.0,0.6667,0.825,17595.0,,16324.0,29267.0,51513.0,0.2933,0.7764,17595.0
176372,University of Southern Mississippi,MS,1,10075.0,0.4906,0.7209,21708.0,,14250.0,26566.0,44140.0,0.4628,0.9912,21708.0
176479,William Carey University,MS,2,2201.0,0.5978,0.7794,,14258.0,15796.0,29651.0,43087.0,0.2711,0.6029,14258.0
176965,University of Central Missouri,MO,1,5648.0,0.5408,0.7363,14462.0,,15750.0,22947.0,49560.0,0.2678,0.638,14462.0
177065,Columbia College,MO,2,4950.0,0.4219,0.7509,,22715.0,14750.0,37207.0,45378.0,0.4465,,22715.0
177968,Lindenwood University,MO,2,4624.0,0.4933,0.6563,,19638.0,20500.0,35436.0,53278.0,0.2998,0.5684,19638.0
178059,Maryville University of Saint Louis,MO,2,5658.0,0.6622,0.8467,,22066.0,10041.0,41959.0,62105.0,0.3641,0.9508,22066.0
178341,Missouri Southern State University,MO,1,3019.0,0.4158,0.6278,12007.0,,11650.0,19568.0,42620.0,0.3402,0.9703,12007.0
178387,Missouri Western State University,MO,1,2219.0,0.3854,0.5379,13251.0,,11920.0,21595.0,42647.0,0.2844,,13251.0
178396,University of Missouri-Columbia,MO,1,23929.0,0.7494,0.9268,20268.0,,16500.0,31713.0,63403.0,0.2007,0.7847,20268.0
178402,University of Missouri-Kansas City,MO,1,6817.0,0.5546,0.7536,13310.0,,14835.0,25320.0,59637.0,0.2639,0.7218,13310.0
178411,Missouri University of Science and Technology,MO,1,5521.0,0.6437,0.8656,16298.0,,19000.0,29231.0,82957.0,0.2279,0.7255,16298.0
178420,University of Missouri-St Louis,MO,1,5024.0,0.5664,0.7361,15071.0,,16500.0,31199.0,53037.0,0.1835,0.6267,15071.0
178615,Truman State University,MO,1,2513.0,0.6853,0.8474,12780.0,,16679.0,25115.0,56280.0,0.1654,0.8377,12780.0
178624,Northwest Missouri State University,MO,1,4378.0,0.5423,0.7392,16244.0,,14927.0,24945.0,47885.0,0.2727,0.8609,16244.0
178721,Park University,MO,2,4555.0,0.3843,0.5762,,21032.0,12500.0,29427.0,56309.0,0.4092,,21032.0
179159,Saint Louis University,MO,2,7267.0,0.7953,0.8784,,24398.0,19500.0,71932.0,70783.0,0.1689,0.7504,24398.0
179557,Southeast Missouri State University,MO,1,6373.0,0.5793,0.7576,15882.0,,14750.0,25177.0,44030.0,0.304,0.7352,15882.0
179566,Missouri State University-Springfield,MO,1,13313.0,0.5791,0.7725,17613.0,,16200.0,25048.0,49827.0,0.2201,0.9053,17613.0
179867,Washington University in St Louis,MO,2,7857.0,0.9426,0.9495,,21786.0,15000.0,88488.0,86182.0,0.1775,0.1206,21786.0
179894,Webster University,MO,2,2304.0,0.6439,0.6866,,27047.0,18500.0,51188.0,50876.0,0.2882,0.8623,27047.0
180179,Montana State University Billings,MT,1,2626.0,0.3004,0.5556,16524.0,,10086.0,20054.0,44296.0,0.2544,,16524.0
180461,Montana State University,MT,1,14451.0,0.5708,0.7852,22499.0,,13748.0,25905.0,53263.0,0.1639,0.8214,22499.0
180489,The University of Montana,MT,1,7488.0,0.4796,0.7477,16784.0,,15000.0,23570.0,44511.0,0.2803,0.9586,16784.0
180814,Bellevue University,NE,2,10220.0,0.3295,0.5793,,17550.0,11000.0,23531.0,61289.0,0.3004,,17550.0
181002,Creighton University,NE,2,4348.0,0.8336,0.9415,,31568.0,21500.0,63423.0,73911.0,0.1152,0.7975,31568.0
181215,University of Nebraska at Kearney,NE,1,4088.0,0.5774,0.7996,16242.0,,13070.0,25808.0,50105.0,0.3693,0.8949,16242.0
181394,University of Nebraska at Omaha,NE,1,11488.0,0.4708,0.7787,13441.0,,12750.0,21120.0,53909.0,0.3465,0.8698,13441.0
181464,University of Nebraska-Lincoln,NE,1,19178.0,0.6697,0.8599,17747.0,,14750.0,26697.0,56887.0,0.2277,0.8749,17747.0
181783,Wayne State College,NE,1,3010.0,0.5215,0.7239,15360.0,,12240.0,22565.0,47075.0,0.258,,15360.0
182281,University of Nevada-Las Vegas,NV,1,24622.0,0.5051,0.7922,10359.0,,12500.0,19638.0,55037.0,0.401,0.9617,10359.0
182290,University of Nevada-Reno,NV,1,15599.0,0.6124,0.7966,15927.0,,13000.0,25786.0,60614.0,0.2289,0.7371,15927.0
182670,Dartmouth College,NH,2,4541.0,0.9554,0.9842,,29519.0,15157.0,87793.0,97434.0,0.1435,0.054,29519.0
183026,Southern New Hampshire University,NH,2,163164.0,0.4283,0.6112,,36708.0,9169.0,40918.0,50318.0,0.4875,0.9951,36708.0
183044,University of New Hampshire-Main Campus,NH,1,11261.0,0.7607,0.8727,23805.0,,22498.0,35537.0,66479.0,0.1813,0.8816,23805.0
183062,Keene State College,NH,1,2699.0,0.6006,0.7868,17887.0,,19500.0,29993.0,54368.0,0.2616,0.9033,17887.0
183080,Plymouth State University,NH,1,3153.0,0.5203,0.6845,19216.0,,17000.0,29644.0,57304.0,0.2809,0.8754,19216.0
183239,Saint Anselm College,NH,2,2087.0,0.8003,0.8813,,34779.0,26987.0,67213.0,73371.0,0.1135,0.7805,34779.0
184603,Fairleigh Dickinson University-Metropolitan Campus,NJ,2,2627.0,0.5332,0.7698,,15404.0,19500.0,50305.0,57273.0,0.2195,0.9071,15404.0
184782,Rowan University,NJ,1,15841.0,0.6736,0.8234,22408.0,,16750.0,35842.0,59988.0,0.3306,0.7766,22408.0
185129,New Jersey City University,NJ,1,3681.0,0.3389,0.6482,16053.0,,14250.0,28255.0,52745.0,0.5248,0.9838,16053.0
185262,Kean University,NJ,1,11433.0,0.4657,0.7607,12447.0,,17199.0,26949.0,57237.0,0.4793,0.759,12447.0
185572,Monmouth University,NJ,2,3684.0,0.719,0.7986,,30988.0,23250.0,62904.0,67991.0,0.3045,0.8902,30988.0
185590,Montclair State University,NJ,1,18376.0,0.6466,0.7789,15566.0,,17500.0,28305.0,61415.0,0.4699,0.8789,15566.0
185828,New Jersey Institute of Technology,NJ,1,9019.0,0.7276,0.8954,16504.0,,17500.0,32859.0,84276.0,0.3956,0.6507,16504.0
186131,Princeton University,NJ,2,5709.0,0.9761,0.9835,,6128.0,10000.0,84040.0,110066.0,0.1924,0.0462,6128.0
186201,Ramapo College of New Jersey,NJ,1,4898.0,0.6981,0.8361,18173.0,,15000.0,29483.0,67541.0,0.2823,0.7064,18173.0
186283,Rider University,NJ,2,3106.0,0.6133,0.7836,,24792.0,20500.0,55967.0,62208.0,0.3473,0.7864,24792.0
186371,Rutgers University-Camden,NJ,1,3753.0,0.6667,0.8,18745.0,,19000.0,35178.0,74479.0,0.4771,0.6629,18745.0
186380,Rutgers University-New Brunswick,NJ,1,37751.0,0.8363,0.9302,24406.0,,19000.0,36993.0,74479.0,0.279,0.5815,24406.0
186399,Rutgers University-Newark,NJ,1,7709.0,0.6375,0.8382,19703.0,,19000.0,35654.0,74479.0,0.5881,0.7136,19703.0
186432,Saint Peter's University,NJ,2,2135.0,0.5826,0.7178,,12199.0,16091.0,50272.0,57815.0,0.5198,0.903,12199.0
186584,Seton Hall University,NJ,2,6036.0,0.6949,0.8145,,31446.0,17886.0,68263.0,70196.0,0.3249,0.7326,31446.0
186867,Stevens Institute of Technology,NJ,2,4222.0,0.8688,0.9364,,41346.0,23250.0,79790.0,108772.0,0.2043,0.4758,41346.0
186876,Stockton University,NJ,1,7537.0,0.6854,0.7859,20670.0,,16380.0,35139.0,57602.0,0.4228,0.8894,20670.0
187134,The College of New Jersey,NJ,1,7105.0,0.8585,0.9132,27646.0,,21500.0,38860.0,73323.0,0.2097,0.6229,27646.0
187444,William Paterson University of New Jersey,NJ,1,6614.0,0.4396,0.7394,18745.0,,15750.0,28476.0,57780.0,0.4653,0.9008,18745.0
187648,Eastern New Mexico University-Main Campus,NM,1,3357.0,0.4509,0.6203,4904.0,,11000.0,18940.0,38550.0,0.3571,0.9166,4904.0
187985,University of New Mexico-Main Campus,NM,1,17244.0,0.5469,0.7617,15489.0,,13698.0,21259.0,44792.0,0.3873,0.9518,15489.0
188030,New Mexico State University-Main Campus,NM,1,11946.0,0.5517,0.7338,8889.0,,10250.0,23274.0,39067.0,0.3849,0.8897,8889.0
188304,Western New Mexico University,NM,1,2026.0,0.3223,0.5805,8522.0,,12500.0,21562.0,39095.0,0.4345,,8522.0
188429,Adelphi University,NY,2,5276.0,0.6715,0.8286,,30783.0,20500.0,63189.0,75482.0,0.3103,0.6591,30783.0
189088,Bard College,NY,2,2414.0,0.6756,0.8458,,34649.0,19000.0,84553.0,46543.0,0.1667,0.5212,34649.0
189097,Barnard College,NY,2,3264.0,0.9302,0.9657,,28800.0,15750.0,89538.0,80516.0,0.1586,0.0884,28800.0
190044,Clarkson University,NY,2,2196.0,0.7491,0.8478,,30305.0,21714.0,79022.0,89696.0,0.2157,0.7736,30305.0
190099,Colgate University,NY,2,3180.0,0.9117,0.9343,,28786.0,13000.0,87070.0,85139.0,0.1252,0.1388,28786.0
190150,Columbia University in the City of New York,NY,2,8973.0,0.961,0.98,,21590.0,18750.0,89472.0,102491.0,0.2271,0.0399,21590.0
190415,Cornell University,NY,2,15995.0,0.9538,0.9838,,28690.0,13000.0,88140.0,104043.0,0.1841,0.0876,28690.0
190512,CUNY Bernard M Baruch College,NY,1,16154.0,0.7212,0.886,3033.0,,10000.0,14170.0,75971.0,0.5688,0.4752,3033.0
190549,CUNY Brooklyn College,NY,1,10543.0,0.5386,0.8012,3103.0,,9218.0,14151.0,60752.0,0.5702,0.5836,3103.0
190558,College of Staten Island CUNY,NY,1,9657.0,0.3393,0.757,5579.0,,8846.0,14795.0,53501.0,0.4959,0.9234,5579.0
190567,CUNY City College,NY,1,12505.0,0.5682,0.7926,3776.0,,9775.0,14403.0,66039.0,0.6054,0.6002,3776.0
190594,CUNY Hunter College,NY,1,16289.0,0.5686,0.7765,2984.0,,8812.0,13905.0,63163.0,0.5589,0.538,2984.0
190600,CUNY John Jay College of Criminal Justice,NY,1,11590.0,0.5583,0.816,3203.0,,9250.0,14212.0,56195.0,0.5979,0.5711,3203.0
190637,CUNY Lehman College,NY,1,10696.0,0.5128,0.7307,3148.0,,8500.0,14121.0,58013.0,0.5994,0.5658,3148.0
190646,CUNY Medgar Evers College,NY,1,3233.0,0.1977,0.4974,5718.0,,7400.0,14771.0,46498.0,0.5632,0.8605,5718.0
190655,CUNY New York City College of Technology,NY,1,13580.0,0.2147,0.6487,5127.0,,7000.0,14110.0,49365.0,0.5507,0.8029,5127.0
190664,CUNY Queens College,NY,1,12550.0,0.5325,0.7868,4195.0,,8580.0,14367.0,62763.0,0.4717,0.6435,4195.0
190691,CUNY York College,NY,1,4345.0,0.3225,0.5744,4456.0,,7500.0,14330.0,56945.0,0.4008,0.641,4456.0
191241,Fordham University,NY,2,10512.0,0.8191,0.8852,,44338.0,20500.0,82762.0,85569.0,0.2142,0.5931,44338.0
191515,Hamilton College,NY,2,2030.0,0.9063,0.9481,,28985.0,15015.0,84230.0,78411.0,0.1772,0.1362,28985.0
191649,Hofstra University,NY,2,6488.0,0.6854,0.8362,,34176.0,18518.0,70624.0,69039.0,0.2527,0.6808,34176.0
191931,Iona University,NY,2,2951.0,0.56,0.7693,,29188.0,19500.0,60247.0,73595.0,0.2827,0.8694,29188.0
191968,Ithaca College,NY,2,4242.0,0.7623,0.8467,,33926.0,19500.0,68699.0,63548.0,0.1905,0.6901,33926.0
192323,Le Moyne College,NY,2,2439.0,0.7313,0.8355,,22277.0,18435.0,53183.0,62731.0,0.3098,0.8298,22277.0
192448,Long Island University,NY,2,5520.0,0.5707,0.7719,,33062.0,19500.0,55424.0,59950.0,0.1714,0.8616,33062.0
192703,Manhattan University,NY,2,2744.0,0.6371,0.7598,,27256.0,21500.0,64348.0,86316.0,0.36,0.7894,27256.0
192819,Marist University,NY,2,5182.0,0.796,0.8609,,41544.0,21500.0,67574.0,77819.0,0.1445,0.5651,41544.0
193016,Mercy University,NY,2,5735.0,0.4571,0.7572,,14072.0,15000.0,32596.0,52055.0,0.5005,0.8584,14072.0
193292,Molloy University,NY,2,3162.0,0.6993,0.8517,,24347.0,24250.0,50720.0,77789.0,0.3366,0.8174,24347.0
193399,University of Mount Saint Vincent,NY,2,2692.0,0.5683,0.7305,,21696.0,18500.0,54170.0,65756.0,0.4621,0.8511,21696.0
193654,The New School,NY,2,6563.0,0.6937,0.8476,,58741.0,15498.0,88284.0,52901.0,0.1501,0.6347,58741.0
193900,New York University,NY,2,28663.0,0.8757,0.9577,,37050.0,18500.0,84374.0,82509.0,0.1788,0.0923,37050.0
193973,Niagara University,NY,2,2653.0,0.7451,0.8038,,17248.0,20312.0,51632.0,56196.0,0.2719,0.8737,17248.0
194091,New York Institute of Technology,NY,2,3440.0,0.5877,0.7799,,22443.0,17000.0,56976.0,70080.0,0.451,0.8102,22443.0
194310,Pace University,NY,2,7665.0,0.6003,0.7549,,30892.0,17750.0,69550.0,70378.0,0.2725,0.7592,30892.0
194578,Pratt Institute-Main,NY,2,3910.0,0.7354,0.8826,,52659.0,20500.0,80049.0,54295.0,0.1886,0.7325,52659.0
194824,Rensselaer Polytechnic Institute,NY,2,5714.0,0.8362,0.9072,,36228.0,21995.0,82404.0,102051.0,0.1992,0.6347,36228.0
195003,Rochester Institute of Technology,NY,2,13215.0,0.6989,0.8879,,34906.0,20872.0,74626.0,76571.0,0.2724,0.6693,34906.0
195030,University of Rochester,NY,2,6331.0,0.8543,0.9069,,29278.0,19000.0,85962.0,79042.0,0.1725,0.4008,29278.0
195164,St Bonaventure University,NY,2,2012.0,0.6673,0.8589,,27074.0,19500.0,57271.0,57214.0,0.2675,0.8165,27074.0
195474,Siena University,NY,2,3409.0,0.7473,0.8269,,33733.0,21471.0,64870.0,76079.0,0.2449,0.6902,33733.0
195526,Skidmore College,NY,2,2694.0,0.8257,0.8965,,32297.0,15000.0,85270.0,69363.0,0.1275,0.2105,32297.0
195544,St. Joseph's University-New York,NY,2,3144.0,0.6878,0.807,,19035.0,17750.0,41897.0,63905.0,0.3399,0.7205,19035.0
195720,St. John Fisher University,NY,2,2565.0,0.7417,0.8642,,28945.0,19500.0,55201.0,66944.0,0.2869,0.664,28945.0
195809,St. John's University-New York,NY,2,9477.0,0.6609,0.787,,29999.0,19500.0,65527.0,69571.0,0.2419,0.8343,29999.0
196015,SUNY College of Technology at Canton,NY,1,2741.0,0.3845,0.6949,15268.0,,12500.0,24906.0,47860.0,0.5042,0.9215,15268.0
196042,Farmingdale State College,NY,1,9552.0,0.5278,0.8157,10867.0,,11000.0,18966.0,69781.0,0.3625,0.6329,10867.0
196060,University at Albany,NY,1,12564.0,0.6145,0.8344,17167.0,,15059.0,28802.0,67979.0,0.4369,0.691,17167.0
196079,Binghamton University,NY,1,14655.0,0.8162,0.8938,21620.0,,15000.0,30345.0,80596.0,0.2812,0.3861,21620.0
196088,University at Buffalo,NY,1,20112.0,0.7518,0.8521,20995.0,,14250.0,30785.0,70814.0,0.3313,0.7418,20995.0
196097,Stony Brook University,NY,1,18101.0,0.7556,0.8981,18784.0,,15000.0,30539.0,74502.0,0.3944,0.4904,18784.0
196121,SUNY Brockport,NY,1,5784.0,0.5513,0.7177,16353.0,,15000.0,26046.0,54496.0,0.4019,0.7068,16353.0
196130,SUNY Buffalo State University,NY,1,5097.0,0.3331,0.5772,11346.0,,12500.0,24279.0,52334.0,0.556,0.7295,11346.0
196149,State University of New York at Cortland,NY,1,5901.0,0.6803,0.8109,22345.0,,17500.0,28108.0,60236.0,0.2742,0.5979,22345.0
196158,SUNY at Fredonia,NY,1,2755.0,0.5021,0.7624,15897.0,,17500.0,25879.0,54247.0,0.3883,0.777,15897.0
196167,SUNY College at Geneseo,NY,1,3869.0,0.7145,0.8699,18211.0,,14836.0,27709.0,67316.0,0.2764,0.6645,18211.0
196176,State University of New York at New Paltz,NY,1,6086.0,0.716,0.8502,18809.0,,15000.0,28428.0,58073.0,0.319,0.6161,18809.0
196185,SUNY Oneonta,NY,1,4643.0,0.6881,0.7551,19158.0,,15000.0,28821.0,60386.0,0.3602,0.696,19158.0
196194,State University of New York at Oswego,NY,1,5473.0,0.6036,0.7045,16236.0,,15750.0,27052.0,57566.0,0.3965,0.8055,16236.0
196219,SUNY at Purchase College,NY,1,3197.0,0.6277,0.8031,18913.0,,15194.0,29043.0,45092.0,0.3551,0.7405,18913.0
196237,SUNY Old Westbury,NY,1,4162.0,0.4457,0.7177,11282.0,,12000.0,21287.0,58526.0,0.4927,0.8363,11282.0
196246,State University of New York at Plattsburgh,NY,1,3769.0,0.5851,0.732,17156.0,,15000.0,28244.0,56403.0,0.4056,0.7841,17156.0
196264,Empire State University,NY,1,7585.0,0.4123,0.6571,11676.0,,11000.0,19699.0,54080.0,0.3683,,11676.0
196413,Syracuse University,NY,2,15477.0,0.8361,0.9013,,38793.0,23697.0,84517.0,79164.0,0.1707,0.4592,38793.0
196592,Touro University,NY,2,4040.0,0.7239,0.8883,,29627.0,12500.0,40500.0,53419.0,0.302,0.6083,29627.0
196866,Union College,NY,2,2046.0,0.8039,0.9018,,34561.0,21085.0,84561.0,88604.0,0.1436,0.4392,34561.0
197045,Utica University,NY,2,2278.0,0.5624,0.7071,,19108.0,17538.0,37205.0,63277.0,0.3337,0.9195,19108.0
197133,Vassar College,NY,2,2444.0,0.9108,0.949,,39343.0,17500.0,87419.0,71366.0,0.1924,0.1857,39343.0
197151,School of Visual Arts,NY,3,3244.0,0.7568,0.8548,,57914.0,22000.0,78051.0,46459.0,0.1557,0.9264,57914.0
197708,Yeshiva University,NY,2,2852.0,0.832,0.9153,,49965.0,14000.0,70892.0,71353.0,0.1344,0.5562,49965.0
197869,Appalachian State University,NC,1,19444.0,0.7453,0.8369,16836.0,,15750.0,23169.0,51836.0,0.2642,0.9014,16836.0
198136,Campbell University,NC,2,2680.0,0.6096,0.7616,,24516.0,17000.0,62187.0,54886.0,0.3758,0.8718,24516.0
198419,Duke University,NC,2,6442.0,0.9678,0.9793,,29612.0,12000.0,87072.0,97800.0,0.1403,0.0571,29612.0
198464,East Carolina University,NC,1,19896.0,0.6262,0.8272,15739.0,,17500.0,23867.0,55146.0,0.318,0.8921,15739.0
198516,Elon University,NC,2,6452.0,0.8404,0.898,,41555.0,18500.0,62266.0,74545.0,0.0993,0.6635,41555.0
198543,Fayetteville State University,NC,1,5762.0,0.3846,0.7529,7892.0,,15766.0,16652.0,40144.0,0.566,0.8215,7892.0
198695,High Point University,NC,2,5129.0,0.737,0.8535,,38707.0,19000.0,65548.0,61389.0,0.1185,0.7531,38707.0
199102,North Carolina A & T State University,NC,1,12182.0,0.5718,0.7752,10846.0,,20909.0,20427.0,44440.0,0.5231,0.499,10846.0
199111,University of North Carolina Asheville,NC,1,2910.0,0.5448,0.7209,12250.0,,14138.0,21685.0,44030.0,0.3237,0.9192,12250.0
199120,University of North Carolina at Chapel Hill,NC,1,20752.0,0.9117,0.9661,11655.0,,12989.0,26055.0,72200.0,0.2004,0.1534,11655.0
199139,University of North Carolina at Charlotte,NC,1,24453.0,0.6897,0.8498,15435.0,,16500.0,23010.0,57289.0,0.3394,0.796,15435.0
199148,University of North Carolina at Greensboro,NC,1,14062.0,0.5631,0.7891,10965.0,,16750.0,21373.0,48160.0,0.5024,0.8851,10965.0
199157,North Carolina Central University,NC,1,6081.0,0.4165,0.7271,15359.0,,22000.0,26556.0,42968.0,0.587,0.8696,15359.0
199193,North Carolina State University at Raleigh,NC,1,27371.0,0.8476,0.9447,17303.0,,17320.0,26425.0,68758.0,0.1958,0.4174,17303.0
199218,University of North Carolina Wilmington,NC,1,14922.0,0.7059,0.8816,20109.0,,15178.0,26547.0,54967.0,0.2395,0.6424,20109.0
199281,University of North Carolina at Pembroke,NC,1,5330.0,0.4354,0.7164,10260.0,,15500.0,17261.0,43407.0,0.5008,0.9326,10260.0
199847,Wake Forest University,NC,2,5485.0,0.8915,0.9256,,28719.0,19500.0,87499.0,78158.0,0.1009,0.2167,28719.0
199962,Wingate University,NC,2,2668.0,0.4635,0.7048,,20748.0,12000.0,57473.0,52649.0,0.4424,0.9113,20748.0
199999,Winston-Salem State University,NC,1,4170.0,0.4668,0.7725,13479.0,,18447.0,23147.0,45344.0,0.6491,0.7826,13479.0
200004,Western Carolina University,NC,1,10024.0,0.6026,0.7911,13315.0,,15348.0,19992.0,49458.0,0.3464,0.8183,13315.0
200217,University of Mary,ND,2,2416.0,0.666,0.8354,,17770.0,18750.0,33672.0,60909.0,0.209,0.753,17770.0
200253,Minot State University,ND,1,2062.0,0.4505,0.6648,12703.0,,11980.0,19339.0,51759.0,0.2445,0.6462,12703.0
200280,University of North Dakota,ND,1,9981.0,0.6048,0.8402,18551.0,,15238.0,25605.0,63552.0,0.1715,0.769,18551.0
200332,North Dakota State University-Main Campus,ND,1,9471.0,0.6389,0.7842,15543.0,,16750.0,23716.0,62203.0,0.1973,0.9496,15543.0
200800,University of Akron Main Campus,OH,1,9052.0,0.5186,0.7298,13946.0,,15250.0,26284.0,46600.0,0.291,0.5967,13946.0
201104,Ashland University,OH,2,2199.0,0.6063,0.7652,,21988.0,20000.0,43434.0,52928.0,0.2885,0.764,21988.0
201195,Baldwin Wallace University,OH,2,2842.0,0.6677,0.8384,,27603.0,24250.0,55606.0,54122.0,0.2916,0.757,27603.0
201441,Bowling Green State University-Main Campus,OH,1,12812.0,0.6373,0.8157,24022.0,,17500.0,33007.0,47896.0,0.2313,0.8096,24022.0
201645,Case Western Reserve University,OH,2,6437.0,0.8717,0.9214,,41190.0,21488.0,85851.0,87989.0,0.1752,0.3654,41190.0
201654,Cedarville University,OH,2,4024.0,0.7253,0.8958,,24468.0,17500.0,49320.0,55443.0,0.1522,0.6529,24468.0
201690,Central State University,OH,1,2620.0,0.2281,0.5592,13096.0,,13740.0,21929.0,33267.0,0.527,0.9861,13096.0
201885,University of Cincinnati-Main Campus,OH,1,29882.0,0.7496,0.8535,25648.0,,12000.0,32171.0,54810.0,0.1876,0.8529,25648.0
202134,Cleveland State University,OH,1,8969.0,0.5057,0.7032,14764.0,,15333.0,27159.0,52131.0,0.4051,0.913,14764.0
202480,University of Dayton,OH,2,7682.0,0.8018,0.8906,,29533.0,19500.0,65881.0,75537.0,0.1581,0.6545,29533.0
202523,Denison University,OH,2,2380.0,0.789,0.8852,,40007.0,21250.0,81900.0,67753.0,0.1255,0.1739,40007.0
202763,The University of Findlay,OH,2,2223.0,0.5786,0.7374,,27221.0,19500.0,54580.0,56996.0,0.1469,0.8337,27221.0
202806,Franklin University,OH,2,5562.0,0.1111,0.359,,25243.0,14238.0,30696.0,51892.0,0.3718,,25243.0
203368,John Carroll University,OH,2,2274.0,0.7855,0.8288,,28746.0,21500.0,65827.0,62860.0,0.2059,0.809,28746.0
203517,Kent State University at Kent,OH,1,19320.0,0.6372,0.8094,20787.0,,17500.0,30567.0,45388.0,0.2851,0.8634,20787.0
204006,Miami University-Hamilton,OH,1,2043.0,0.2494,0.5341,11286.0,,16000.0,15352.0,55076.0,0.3036,,11286.0
204024,Miami University-Oxford,OH,1,16656.0,0.7979,0.9014,28384.0,,16000.0,38757.0,55076.0,0.1259,0.754,28384.0
204501,Oberlin College,OH,2,2887.0,0.8089,0.91,,38645.0,19500.0,87404.0,58343.0,0.0964,0.3418,38645.0
204635,Ohio Northern University,OH,2,2489.0,0.7548,0.8433,,24478.0,24250.0,53580.0,80928.0,0.206,0.744,24478.0
204796,Ohio State University-Main Campus,OH,1,45638.0,0.8772,0.9423,17339.0,,14500.0,30305.0,60409.0,0.2016,0.6057,17339.0
204857,Ohio University-Main Campus,OH,1,19633.0,0.6545,0.8389,21637.0,,15332.0,30586.0,52581.0,0.2121,0.8499,21637.0
204936,Otterbein University,OH,2,2157.0,0.6788,0.7992,,19237.0,20500.0,48321.0,53313.0,0.3063,0.8453,19237.0
205443,Shawnee State University,OH,1,2247.0,0.4811,0.7199,14381.0,,12885.0,21974.0,39596.0,0.3856,,14381.0
205957,Franciscan University of Steubenville,OH,2,2901.0,0.7545,0.8748,,23589.0,18590.0,44580.0,50030.0,0.2304,0.5836,23589.0
206048,Tiffin University,OH,2,2051.0,0.3987,0.7158,,26500.0,15795.0,48004.0,35942.0,0.3147,0.8005,26500.0
206084,University of Toledo,OH,1,9770.0,0.5704,0.773,17249.0,,14750.0,26512.0,50632.0,0.2746,0.9202,17249.0
206604,Wright State University-Main Campus,OH,1,6762.0,0.4169,0.6793,15415.0,,15854.0,24373.0,49500.0,0.3447,0.9633,15415.0
206622,Xavier University,OH,2,4207.0,0.6865,0.7747,,32997.0,18750.0,65476.0,64873.0,0.1627,0.8641,32997.0
206695,Youngstown State University,OH,1,7961.0,0.5048,0.7573,12767.0,,15750.0,21708.0,41544.0,0.3378,0.8445,12767.0
206914,Cameron University,OK,1,2492.0,0.3067,0.672,10912.0,,11000.0,19862.0,40118.0,0.3884,,10912.0
206941,University of Central Oklahoma,OK,1,10170.0,0.3676,0.6523,18309.0,,13000.0,26392.0,48351.0,0.3649,0.7812,18309.0
207041,East Central University,OK,1,2467.0,0.3442,0.6061,8683.0,,11250.0,18459.0,44962.0,0.45,0.5815,8683.0
207263,Northeastern State University,OK,1,4772.0,0.3536,0.605,12710.0,,12000.0,21551.0,45379.0,0.4509,0.9959,12710.0
207388,Oklahoma State University-Main Campus,OK,1,21773.0,0.6817,0.8478,17447.0,,15500.0,28290.0,57413.0,0.2799,0.7504,17447.0
207500,University of Oklahoma-Norman Campus,OK,1,22734.0,0.7533,0.9,15300.0,,15500.0,28872.0,63126.0,0.2497,0.766,15300.0
207582,Oral Roberts University,OK,2,3487.0,0.5683,0.8049,,25365.0,20250.0,50004.0,46885.0,0.2843,0.989,25365.0
207661,Rogers State University,OK,1,2657.0,0.2896,0.6965,15314.0,,11250.0,21064.0,43166.0,0.4014,,15314.0
207847,Southeastern Oklahoma State University,OK,1,3018.0,0.3154,0.6343,8039.0,,10623.0,18594.0,45079.0,0.416,0.7643,8039.0
207865,Southwestern Oklahoma State University,OK,1,3514.0,0.3969,0.677,14459.0,,11750.0,23334.0,45744.0,0.389,,14459.0
207971,University of Tulsa,OK,2,2813.0,0.7229,0.9211,,15000.0,12500.0,64459.0,61408.0,0.2696,0.6151,15000.0
208646,Eastern Oregon University,OR,1,2172.0,0.43,0.7148,17148.0,,13500.0,26718.0,50112.0,0.3475,0.9831,17148.0
208822,George Fox University,OR,2,2699.0,0.7196,0.8344,,31679.0,19500.0,58644.0,59761.0,0.2344,0.9351,31679.0
209056,Lewis & Clark College,OR,2,2120.0,0.7536,0.8881,,36013.0,13644.0,79987.0,62205.0,0.2028,0.7849,36013.0
209506,Oregon Institute of Technology,OR,1,2892.0,0.5378,0.6898,15706.0,,15625.0,27524.0,72273.0,0.1786,0.9502,15706.0
209542,Oregon State University,OR,1,30743.0,0.7011,0.8776,19604.0,,15000.0,31653.0,64010.0,0.2277,0.773,19604.0
209551,University of Oregon,OR,1,20497.0,0.7169,0.864,22182.0,,15000.0,34793.0,61324.0,0.2135,0.883,22182.0
209807,Portland State University,OR,1,13182.0,0.5266,0.7611,9552.0,,15457.0,21590.0,57906.0,0.4165,0.9087,9552.0
209825,University of Portland,OR,2,2957.0,0.7984,0.8832,,28210.0,18500.0,73224.0,82804.0,0.221,0.8917,28210.0
210146,Southern Oregon University,OR,1,2751.0,0.4253,0.6785,16732.0,,15000.0,27636.0,49175.0,0.2486,0.8862,16732.0
210429,Western Oregon University,OR,1,3103.0,0.4712,0.7274,17237.0,,15000.0,25062.0,51815.0,0.4113,0.981,17237.0
210739,DeSales University,PA,2,2128.0,0.722,0.8303,,31643.0,20000.0,62745.0,61295.0,0.2378,0.7709,31643.0
210775,Alvernia University,PA,2,2152.0,0.5553,0.7198,,28138.0,20500.0,57565.0,55055.0,0.3624,0.5806,28138.0
211291,Bucknell University,PA,2,3876.0,0.8632,0.9368,,40766.0,23250.0,83756.0,93807.0,0.1238,0.2893,40766.0
211440,Carnegie Mellon University,PA,2,7304.0,0.9413,0.98,,31944.0,20250.0,83654.0,114862.0,0.1604,0.1166,31944.0
212009,Dickinson College,PA,2,2273.0,0.7978,0.9198,,37607.0,17294.0,82902.0,70204.0,0.1275,0.4209,37607.0
212054,Drexel University,PA,2,13233.0,0.7816,0.8951,,38509.0,20204.0,76835.0,84648.0,0.2676,0.7944,38509.0
212106,Duquesne University,PA,2,5350.0,0.7749,0.8415,,37730.0,23500.0,67776.0,74742.0,0.2024,0.8356,37730.0
212115,East Stroudsburg University of Pennsylvania,PA,1,4814.0,0.4312,0.7213,18134.0,,16750.0,27917.0,56148.0,0.4149,0.9205,18134.0
212133,Eastern University,PA,2,2404.0,0.54,0.6547,,26662.0,18000.0,55001.0,51655.0,0.4192,0.9077,26662.0
212601,Gannon University,PA,2,2365.0,0.6636,0.7617,,22553.0,23031.0,52869.0,58845.0,0.2384,0.7416,22553.0
212674,Gettysburg College,PA,2,2099.0,0.8253,0.9121,,31490.0,23250.0,81960.0,71517.0,0.2099,0.389,31490.0
212984,Holy Family University,PA,2,2464.0,0.6091,0.7773,,13143.0,21175.0,40539.0,62235.0,0.4105,0.7104,13143.0
213020,Indiana University of Pennsylvania,PA,1,6764.0,0.5551,0.7534,16804.0,,19995.0,26898.0,51019.0,0.3683,0.9077,16804.0
213349,Kutztown University of Pennsylvania,PA,1,6180.0,0.5382,0.7779,21331.0,,20000.0,29866.0,53775.0,0.3266,0.9075,21331.0
213385,Lafayette College,PA,2,2757.0,0.8759,0.8967,,34433.0,14000.0,83133.0,91410.0,0.1165,0.3145,34433.0
213543,Lehigh University,PA,2,5898.0,0.8791,0.937,,36931.0,19500.0,80856.0,105584.0,0.1771,0.2593,36931.0
213987,Mercyhurst University,PA,2,2191.0,0.6017,0.7979,,19444.0,19500.0,59557.0,47452.0,0.3133,0.8102,19444.0
213996,Messiah University,PA,2,2259.0,0.7496,0.8857,,26502.0,21911.0,55875.0,54064.0,0.1964,0.7897,26502.0
214041,Millersville University of Pennsylvania,PA,1,5728.0,0.5763,0.7711,20787.0,,17220.0,26913.0,55246.0,0.2731,0.8619,20787.0
214591,Pennsylvania State University-Penn State Erie-Behrend College,PA,1,3240.0,0.4363,0.8325,24558.0,,19500.0,34081.0,63435.0,0.2889,0.9683,24558.0
214689,Pennsylvania State University-Penn State Altoona,PA,1,2367.0,0.165,0.7952,22213.0,,19500.0,32559.0,63435.0,0.2937,0.9806,22213.0
214713,Pennsylvania State University-Penn State Harrisburg,PA,1,4031.0,0.2612,0.8212,23330.0,,19500.0,32521.0,63435.0,0.2613,0.976,23330.0
214777,Pennsylvania State University-Main Campus,PA,1,42284.0,0.8609,0.9264,32875.0,,19500.0,39694.0,63435.0,0.1388,0.6056,32875.0
214801,Pennsylvania State University-Penn State Abington,PA,1,2877.0,0.1975,0.7723,18071.0,,19500.0,28795.0,63435.0,0.3877,0.9677,18071.0
215062,University of Pennsylvania,PA,2,10650.0,0.9654,0.9888,,28699.0,14000.0,89028.0,111371.0,0.1653,0.054,28699.0
215293,University of Pittsburgh-Pittsburgh Campus,PA,1,20370.0,0.855,0.9199,30434.0,,20500.0,38105.0,66125.0,0.1398,0.5808,30434.0
215442,Point Park University,PA,2,2331.0,0.5854,0.7394,,25942.0,20957.0,52643.0,45856.0,0.387,0.9691,25942.0
215655,Robert Morris University,PA,2,2896.0,0.6569,0.832,,23003.0,23250.0,51621.0,62105.0,0.233,0.8989,23003.0
215770,Saint Joseph's University - Philadelphia,PA,2,4948.0,0.7884,0.8868,,29689.0,21500.0,67954.0,86881.0,0.198,0.8883,29689.0
215929,University of Scranton,PA,2,3554.0,0.7979,0.8538,,32568.0,25500.0,69552.0,74652.0,0.2406,0.8123,32568.0
216010,Shippensburg University of Pennsylvania,PA,1,4086.0,0.557,0.7681,23726.0,,16192.0,30785.0,56351.0,0.2977,0.865,23726.0
216038,Slippery Rock University of Pennsylvania,PA,1,6788.0,0.6557,0.8401,19608.0,,19500.0,25537.0,53032.0,0.3052,0.7147,19608.0
216278,Susquehanna University,PA,2,2163.0,0.8174,0.8633,,28819.0,27000.0,75410.0,61723.0,0.249,0.8143,28819.0
216339,Temple University,PA,1,20970.0,0.7505,0.8261,28198.0,,19750.0,40903.0,63727.0,0.3197,0.8041,28198.0
216366,Thomas Jefferson University,PA,2,3755.0,0.6857,0.8246,,28928.0,12500.0,64197.0,77449.0,0.3747,0.8097,28928.0
216597,Villanova University,PA,2,6938.0,0.9186,0.9506,,43756.0,25000.0,84793.0,100423.0,0.1202,0.2698,43756.0
216764,West Chester University of Pennsylvania,PA,1,14164.0,0.7051,0.8311,23331.0,,18750.0,28394.0,61258.0,0.254,0.784,23331.0
216852,Widener University,PA,2,2951.0,0.6832,0.7836,,25759.0,24567.0,70621.0,70920.0,0.328,0.7093,25759.0
217059,York College of Pennsylvania,PA,2,3265.0,0.641,0.7821,,18556.0,19500.0,37319.0,61012.0,0.2808,0.7374,18556.0
217156,Brown University,RI,2,7226.0,0.9569,0.9882,,25184.0,10000.0,87648.0,93487.0,0.1384,0.0539,25184.0
217165,Bryant University,RI,2,3194.0,0.7975,0.8691,,41219.0,23250.0,69964.0,90008.0,0.1253,0.6546,41219.0
217235,Johnson & Wales University-Providence,RI,2,3868.0,0.5541,0.8199,,31027.0,16334.0,60314.0,43418.0,0.3004,0.8841,31027.0
217402,Providence College,RI,2,4229.0,0.8582,0.9395,,48523.0,27000.0,80466.0,87054.0,0.1343,0.5089,48523.0
217420,Rhode Island College,RI,1,5049.0,0.4813,0.7334,9478.0,,13833.0,17454.0,56318.0,0.4205,0.9182,9478.0
217484,University of Rhode Island,RI,1,13381.0,0.7331,0.8362,21440.0,,17750.0,34321.0,69743.0,0.2176,0.7216,21440.0
217493,Rhode Island School of Design,RI,2,2084.0,0.8877,0.9504,,50507.0,23250.0,81727.0,68140.0,0.1482,0.1866,50507.0
217518,Roger Williams University,RI,2,3946.0,0.6865,0.8109,,37999.0,19500.0,61950.0,70266.0,0.164,0.8771,37999.0
217536,Salve Regina University,RI,2,2121.0,0.7688,0.8279,,36967.0,27000.0,70630.0,72975.0,0.1507,0.6817,36967.0
217633,Anderson University,SC,2,3183.0,0.6568,0.8186,,23544.0,22000.0,50192.0,42101.0,0.2077,0.5471,23544.0
217688,Charleston Southern University,SC,2,2893.0,0.4724,0.6314,,21666.0,18250.0,44558.0,45898.0,0.3449,0.9646,21666.0
217749,Bob Jones University,SC,2,2005.0,0.6475,0.8245,,16641.0,12453.0,36580.0,44354.0,0.3286,,16641.0
217819,College of Charleston,SC,1,10558.0,0.6583,0.8196,18960.0,,17500.0,32362.0,56416.0,0.1883,0.6003,18960.0
217864,Citadel Military College of South Carolina,SC,1,2705.0,0.75,0.8578,20723.0,,18000.0,33880.0,72085.0,0.198,0.2272,20723.0
217882,Clemson University,SC,1,23300.0,0.8656,0.9347,22253.0,,19000.0,35015.0,71513.0,0.1475,0.3834,22253.0
218061,Francis Marion University,SC,1,2628.0,0.4339,0.7002,11386.0,,15617.0,23850.0,43888.0,0.3762,0.8639,11386.0
218070,Furman University,SC,2,2379.0,0.7876,0.9061,,30308.0,19500.0,76798.0,68635.0,0.1319,0.4295,30308.0
218229,Lander University,SC,1,3397.0,0.4977,0.6961,15363.0,,12503.0,27277.0,42396.0,0.3873,0.8131,15363.0
218645,University of South Carolina Aiken,SC,1,2962.0,0.3985,0.6678,11641.0,,13000.0,21540.0,45603.0,0.3924,0.7854,11641.0
218654,University of South Carolina Beaufort,SC,1,2052.0,0.3399,0.6126,14656.0,,13750.0,24353.0,48088.0,0.4011,0.725,14656.0
218663,University of South Carolina-Columbia,SC,1,29820.0,0.7882,0.922,22811.0,,18500.0,31638.0,62177.0,0.1911,0.6015,22811.0
218724,Coastal Carolina University,SC,1,10377.0,0.4846,0.7743,13966.0,,16979.0,26692.0,47258.0,0.2624,0.7527,13966.0
218733,South Carolina State University,SC,1,2934.0,0.3663,0.5646,18097.0,,20900.0,30015.0,38262.0,0.7049,0.8262,18097.0
218742,University of South Carolina-Upstate,SC,1,4038.0,0.4304,0.6985,13557.0,,15000.0,25124.0,48587.0,0.4619,0.6726,13557.0
218964,Winthrop University,SC,1,3523.0,0.5698,0.7361,15343.0,,19000.0,30710.0,47185.0,0.4096,0.7925,15343.0
219082,Dakota State University,SD,1,2071.0,0.513,0.7546,21057.0,,14250.0,25753.0,50970.0,0.1681,0.8805,21057.0
219347,South Dakota School of Mines and Technology,SD,1,2071.0,0.5295,0.8409,20183.0,,17306.0,25385.0,72257.0,0.1687,0.7987,20183.0
219356,South Dakota State University,SD,1,9198.0,0.6235,0.8381,19841.0,,16246.0,24636.0,55070.0,0.1682,0.9834,19841.0
219471,University of South Dakota,SD,1,5439.0,0.5991,0.7934,19858.0,,17500.0,24422.0,51926.0,0.1866,0.9878,19858.0
219602,Austin Peay State University,TN,1,7560.0,0.4024,0.6997,9735.0,,13202.0,22233.0,44301.0,0.435,0.9641,9735.0
219709,Belmont University,TN,2,7137.0,0.7066,0.8694,,33147.0,17500.0,62570.0,55930.0,0.2075,0.9528,33147.0
219949,Cumberland University,TN,2,2104.0,0.4559,0.5947,,18759.0,11250.0,43358.0,57687.0,0.3028,0.6733,18759.0
219976,Lipscomb University,TN,2,2997.0,0.7216,0.8357,,24739.0,15350.0,55117.0,55541.0,0.241,0.6773,24739.0
220075,East Tennessee State University,TN,1,10004.0,0.5321,0.7572,15983.0,,14400.0,27042.0,44859.0,0.3483,0.8619,15983.0
220613,Lee University,TN,2,2617.0,0.6259,0.8227,,18878.0,19500.0,35688.0,43222.0,0.2874,0.7052,18878.0
220862,University of Memphis,TN,1,12701.0,0.5089,0.7738,12397.0,,15809.0,25169.0,48458.0,0.4122,0.7203,12397.0
220978,Middle Tennessee State University,TN,1,16301.0,0.537,0.7952,13359.0,,14093.0,24289.0,48541.0,0.3177,0.6909,13359.0
221661,Southern Adventist University,TN,2,2773.0,0.4939,0.8281,,24345.0,18000.0,38618.0,53723.0,0.3063,0.655,24345.0
221740,The University of Tennessee-Chattanooga,TN,1,10074.0,0.5024,0.7252,14265.0,,12000.0,25489.0,51151.0,0.328,0.8109,14265.0
221759,The University of Tennessee-Knoxville,TN,1,30418.0,0.7392,0.919,18976.0,,16000.0,33678.0,60249.0,0.1889,0.416,18976.0
221768,The University of Tennessee-Martin,TN,1,4866.0,0.5254,0.7696,10701.0,,12981.0,23079.0,44213.0,0.3442,0.882,10701.0
221838,Tennessee State University,TN,1,4848.0,0.3399,0.335,15796.0,,17500.0,25637.0,42730.0,0.5113,0.7011,15796.0
221847,Tennessee Technological University,TN,1,8698.0,0.5767,0.7816,14246.0,,11000.0,25663.0,48501.0,0.309,0.7613,14246.0
221999,Vanderbilt University,TN,2,7208.0,0.9354,0.9634,,15846.0,12913.0,89590.0,91565.0,0.2022,0.0586,15846.0
222178,Abilene Christian University,TX,2,3195.0,0.5901,0.8051,,26182.0,14750.0,59256.0,55736.0,0.2233,0.6603,26182.0
222831,Angelo State University,TX,1,5643.0,0.4397,0.6864,15091.0,,12394.0,23441.0,50116.0,0.2764,0.8301,15091.0
223232,Baylor University,TX,2,14785.0,0.7999,0.9095,,41104.0,19500.0,74226.0,65793.0,0.1245,0.5128,41104.0
224147,Texas A & M University-Corpus Christi,TX,1,8034.0,0.4015,0.5843,15225.0,,15273.0,25210.0,51865.0,0.429,0.8858,15225.0
224226,Dallas Baptist University,TX,2,2403.0,0.5701,0.6437,,28516.0,16000.0,52716.0,56807.0,0.2305,0.8884,28516.0
224554,East Texas A&M University,TX,1,9912.0,0.4281,0.5723,11841.0,,14250.0,23438.0,50296.0,0.4047,0.9224,11841.0
225399,Houston Christian University,TX,2,2886.0,0.4912,0.6933,,20629.0,11000.0,50082.0,55933.0,0.5554,0.8444,20629.0
225414,University of Houston-Clear Lake,TX,1,6078.0,0.5163,0.7444,15563.0,,13548.0,24622.0,59004.0,0.4524,0.9052,15563.0
225432,University of Houston-Downtown,TX,1,12555.0,0.332,0.6709,10542.0,,13750.0,20749.0,53551.0,0.5522,0.8996,10542.0
225502,Texas A&M University-Victoria,TX,1,2513.0,0.2638,0.651,8109.0,,13565.0,21401.0,54467.0,0.4893,0.959,8109.0
225511,University of Houston,TX,1,38380.0,0.6456,0.8699,14276.0,,14000.0,26185.0,62377.0,0.4165,0.7392,14276.0
225627,University of the Incarnate Word,TX,2,4440.0,0.5098,0.7129,,22775.0,21231.0,48681.0,56733.0,0.446,0.9814,22775.0
226091,Lamar University,TX,1,8150.0,0.3732,0.6187,9366.0,,12500.0,22254.0,49652.0,0.4649,0.8641,9366.0
226152,Texas A & M International University,TX,1,6667.0,0.4647,0.7783,3637.0,,11000.0,15558.0,48386.0,0.6451,0.4437,3637.0
226471,University of Mary Hardin-Baylor,TX,2,2759.0,0.4931,0.6242,,26106.0,15750.0,46874.0,56132.0,0.3965,0.9576,26106.0
226833,Midwestern State University,TX,1,4087.0,0.4274,0.6393,11656.0,,13051.0,22652.0,55747.0,0.4065,0.9352,11656.0
227216,University of North Texas,TX,1,34341.0,0.6071,0.7665,15649.0,,14000.0,26243.0,57010.0,0.3804,0.7223,15649.0
227368,The University of Texas Rio Grande Valley,TX,1,28666.0,0.509,0.8111,4831.0,,9593.0,16830.0,49620.0,0.6508,0.9419,4831.0
227526,Prairie View A & M University,TX,1,8877.0,0.432,0.7562,13570.0,,17500.0,26362.0,45411.0,0.656,0.7931,13570.0
227757,Rice University,TX,2,4776.0,0.9464,0.9741,,13370.0,9716.0,79788.0,89718.0,0.1703,0.08,13370.0
227845,Saint Edward's University,TX,2,2493.0,0.6259,0.7967,,25578.0,20000.0,66719.0,58826.0,0.4237,0.8142,25578.0
227863,University of St Thomas,TX,2,3220.0,0.6877,0.777,,19359.0,12548.0,45672.0,59224.0,0.4164,0.8992,19359.0
227881,Sam Houston State University,TX,1,17743.0,0.5476,0.7325,16404.0,,16500.0,25505.0,54211.0,0.4133,0.9026,16404.0
228246,Southern Methodist University,TX,2,7277.0,0.8427,0.9052,,40892.0,15311.0,85606.0,78354.0,0.1276,0.6335,40892.0
228431,Stephen F Austin State University,TX,1,8728.0,0.5333,0.7169,14260.0,,17750.0,25791.0,49634.0,0.3887,0.9399,14260.0
228459,Texas State University,TX,1,36177.0,0.5528,0.8008,16805.0,,14993.0,28073.0,56906.0,0.3724,0.8932,16805.0
228529,Tarleton State University,TX,1,12673.0,0.4821,0.6985,20783.0,,13989.0,24100.0,53040.0,0.344,0.8955,20783.0
228705,Texas A&M University-Kingsville,TX,1,4748.0,0.4187,0.6459,12090.0,,15873.0,24060.0,51450.0,0.5273,0.9092,12090.0
228723,Texas A&M University-College Station,TX,1,59615.0,0.8391,0.9431,21315.0,,15000.0,32696.0,72097.0,0.1964,0.5743,21315.0
228769,The University of Texas at Arlington,TX,1,32294.0,0.5402,0.7294,13951.0,,11791.0,25261.0,63199.0,0.423,0.799,13951.0
228778,The University of Texas at Austin,TX,1,42855.0,0.889,0.9674,19857.0,,18909.0,31247.0,75121.0,0.2585,0.2664,19857.0
228787,The University of Texas at Dallas,TX,1,21751.0,0.7569,0.8995,18267.0,,13750.0,29807.0,68227.0,0.2997,0.6513,18267.0
228796,The University of Texas at El Paso,TX,1,21005.0,0.5017,0.7894,9403.0,,12573.0,19836.0,50923.0,0.6161,0.9992,9403.0
228802,The University of Texas at Tyler,TX,1,7440.0,0.5413,0.7678,13323.0,,12500.0,24505.0,57053.0,0.3974,0.9402,13323.0
228875,Texas Christian University,TX,2,11026.0,0.8551,0.9287,,36660.0,19000.0,76604.0,68424.0,0.1432,0.4449,36660.0
229018,The University of Texas Permian Basin,TX,1,3911.0,0.3967,0.6093,12723.0,,12285.0,23886.0,56073.0,0.3869,0.9489,12723.0
229027,The University of Texas at San Antonio,TX,1,30580.0,0.5264,0.7984,10836.0,,15000.0,22352.0,57131.0,0.4406,0.8679,10836.0
229063,Texas Southern University,TX,1,6844.0,0.2216,0.6621,16590.0,,16250.0,27052.0,38924.0,0.7226,0.9691,16590.0
229115,Texas Tech University,TX,1,32394.0,0.6869,0.8495,19070.0,,15250.0,27443.0,62454.0,0.2775,0.7265,19070.0
229179,Texas Woman's University,TX,1,8767.0,0.4906,0.6955,11963.0,,14000.0,22234.0,56544.0,0.4201,0.9612,11963.0
229267,Trinity University,TX,2,2505.0,0.8397,0.9287,,23464.0,19500.0,68224.0,71668.0,0.1877,0.2592,23464.0
229780,Wayland Baptist University,TX,2,2041.0,0.1929,0.4453,,20590.0,15467.0,36323.0,51838.0,0.457,0.5596,20590.0
229814,West Texas A & M University,TX,1,6917.0,0.5504,0.6963,19487.0,,12620.0,23482.0,50741.0,0.4111,0.9868,19487.0
230038,Brigham Young University,UT,2,32952.0,0.8098,0.9097,,15564.0,8310.0,22690.0,75790.0,0.321,0.6778,15564.0
230047,Brigham Young University-Hawaii,HI,2,2889.0,0.5264,0.7354,,16774.0,5500.0,25098.0,52064.0,0.151,0.4696,16774.0
230603,Southern Utah University,UT,1,9289.0,0.6067,0.7552,10462.0,,7751.0,19416.0,50296.0,0.2488,0.8179,10462.0
230728,Utah State University,UT,1,20272.0,0.5913,0.7084,14936.0,,9500.0,21654.0,54022.0,0.2578,0.9247,14936.0
230764,University of Utah,UT,1,27264.0,0.6505,0.8619,16200.0,,14000.0,25557.0,67170.0,0.1959,0.8598,16200.0
230852,Champlain College,VT,2,2752.0,0.6523,0.817,,35860.0,19500.0,65009.0,58386.0,0.2502,0.8292,35860.0
230959,Middlebury College,VT,2,2738.0,0.914,0.9366,,31483.0,11522.0,85880.0,76310.0,0.1589,0.1075,31483.0
230995,Norwich University,VT,2,2428.0,0.6021,0.7926,,22257.0,17501.0,67357.0,65575.0,0.2441,0.7444,22257.0
231165,Vermont State University,VT,1,3590.0,0.4722,0.6783,18212.0,,11000.0,25988.0,50331.0,0.3413,0.8167,18212.0
231174,University of Vermont,VT,1,11743.0,0.7859,0.8918,19343.0,,17500.0,35649.0,62472.0,0.1315,0.653,19343.0
231624,William & Mary,VA,1,7055.0,0.8942,0.9456,19096.0,,15500.0,43035.0,73490.0,0.1245,0.3407,19096.0
231651,Regent University,VA,2,4729.0,0.5692,0.7458,,19923.0,11000.0,32838.0,44498.0,0.5115,0.3812,19923.0
231712,Christopher Newport University,VA,1,4365.0,0.7164,0.8124,23015.0,,19500.0,33766.0,60509.0,0.1613,0.8604,23015.0
232186,George Mason University,VA,1,27752.0,0.6784,0.8599,17915.0,,15750.0,28604.0,76343.0,0.3013,0.8748,17915.0
232265,Hampton University,VA,2,3727.0,0.5716,0.8534,,25319.0,19500.0,46027.0,59159.0,0.3935,0.6225,25319.0
232423,James Madison University,VA,1,20888.0,0.7972,0.9198,23322.0,,17272.0,31735.0,69954.0,0.1712,0.7152,23322.0
232557,Liberty University,VA,2,50012.0,0.6533,0.8013,,29357.0,15943.0,42025.0,44813.0,0.3834,0.9898,29357.0
232566,Longwood University,VA,1,3015.0,0.6123,0.7977,19066.0,,19000.0,34588.0,52347.0,0.2771,0.9022,19066.0
232681,University of Mary Washington,VA,1,3566.0,0.6641,0.844,20667.0,,16250.0,31137.0,60613.0,0.2105,0.7978,20667.0
232937,Norfolk State University,VA,1,5392.0,0.385,0.7256,15282.0,,17277.0,26633.0,44666.0,0.6497,0.8777,15282.0
232982,Old Dominion University,VA,1,17514.0,0.4632,0.7691,14638.0,,16300.0,29446.0,54914.0,0.3682,0.9036,14638.0
233277,Radford University,VA,1,6038.0,0.4866,0.7557,14578.0,,17500.0,28405.0,53739.0,0.3713,0.8953,14578.0
233374,University of Richmond,VA,2,2980.0,0.852,0.9075,,31309.0,19000.0,80961.0,76178.0,0.1716,0.222,31309.0
233541,Shenandoah University,VA,2,2116.0,0.6682,0.8174,,30298.0,19500.0,51928.0,58433.0,0.1892,0.7695,30298.0
233921,Virginia Polytechnic Institute and State University,VA,1,30923.0,0.8622,0.9308,24953.0,,19000.0,36951.0,81698.0,0.1529,0.5478,24953.0
234030,Virginia Commonwealth University,VA,1,20753.0,0.6318,0.8534,23433.0,,17021.0,38954.0,58128.0,0.3119,0.9262,23433.0
234076,University of Virginia-Main Campus,VA,1,17597.0,0.956,0.9755,21565.0,,15153.0,39926.0,86863.0,0.1555,0.1681,21565.0
234155,Virginia State University,VA,1,5074.0,0.3944,0.6939,15840.0,,17500.0,27661.0,45543.0,0.7213,0.8863,15840.0
234827,Central Washington University,WA,1,7833.0,0.5361,0.7005,18476.0,,13000.0,28816.0,61580.0,0.2828,0.9062,18476.0
235097,Eastern Washington University,WA,1,6222.0,0.4349,0.674,13886.0,,14053.0,24478.0,57897.0,0.351,0.9075,13886.0
235167,The Evergreen State College,WA,1,2160.0,0.4074,0.6986,24319.0,,15000.0,28477.0,45320.0,0.4156,0.9637,24319.0
235316,Gonzaga University,WA,2,5198.0,0.8629,0.929,,35119.0,20500.0,73178.0,78892.0,0.1441,0.8169,35119.0
236230,Pacific Lutheran University,WA,2,2401.0,0.6857,0.8194,,19589.0,17074.0,62459.0,66990.0,0.3527,0.7802,19589.0
236595,Seattle University,WA,2,4062.0,0.7551,0.8422,,34662.0,16658.0,72124.0,75272.0,0.2357,0.7692,34662.0
236939,Washington State University,WA,1,21099.0,0.605,0.7834,14971.0,,14853.0,27648.0,68905.0,0.2738,0.8664,14971.0
236948,University of Washington-Seattle Campus,WA,1,31942.0,0.8518,0.9473,14091.0,,12375.0,32446.0,78466.0,0.1486,0.3915,14091.0
237011,Western Washington University,WA,1,13544.0,0.6464,0.7937,21193.0,,13500.0,30359.0,62569.0,0.2089,0.9325,21193.0
237312,University of Charleston,WV,2,2259.0,0.4555,0.7479,,22107.0,12666.0,46470.0,55774.0,0.3143,0.6152,22107.0
237367,Fairmont State University,WV,1,2590.0,0.4425,0.6739,9032.0,,12500.0,20018.0,46857.0,0.3429,0.9862,9032.0
237525,Marshall University,WV,1,7266.0,0.5123,0.7218,7502.0,,16750.0,22022.0,46354.0,0.3868,0.9573,7502.0
237792,Shepherd University,WV,1,2344.0,0.5103,0.7138,11363.0,,14297.0,19601.0,49358.0,0.2943,0.9678,11363.0
238032,West Virginia University,WV,1,17385.0,0.6466,0.8343,15634.0,,15500.0,26415.0,55939.0,0.2157,0.89,15634.0
238458,Carroll University,WI,2,2523.0,0.707,0.7825,,15193.0,22000.0,52639.0,58009.0,0.2291,0.6684,15193.0
238476,Carthage College,WI,2,2660.0,0.6426,0.7339,,26565.0,19500.0,50822.0,56950.0,0.271,0.8706,26565.0
238616,Concordia University-Wisconsin,WI,2,2197.0,0.6835,0.781,,36201.0,19500.0,53315.0,56075.0,0.2673,0.782,36201.0
239105,Marquette University,WI,2,7660.0,0.8321,0.9097,,31487.0,20500.0,66768.0,78257.0,0.1839,0.8134,31487.0
239318,Milwaukee School of Engineering,WI,2,2654.0,0.6711,0.8378,,22453.0,24500.0,62648.0,89070.0,0.2417,0.5893,22453.0
240189,University of Wisconsin-Whitewater,WI,1,9405.0,0.589,0.7804,14158.0,,16241.0,18719.0,55356.0,0.2517,0.8572,14158.0
240268,University of Wisconsin-Eau Claire,WI,1,8895.0,0.6381,0.8175,16550.0,,13000.0,21705.0,58561.0,0.1964,0.8234,16550.0
240277,University of Wisconsin-Green Bay,WI,1,6341.0,0.4822,0.6591,13369.0,,11250.0,19366.0,52528.0,0.2183,0.8859,13369.0
240329,University of Wisconsin-La Crosse,WI,1,9277.0,0.7096,0.8651,16210.0,,18000.0,19593.0,60378.0,0.1441,0.755,16210.0
240365,University of Wisconsin-Oshkosh,WI,1,6877.0,0.4614,0.693,14305.0,,12500.0,19652.0,55548.0,0.1607,0.865,14305.0
240374,University of Wisconsin-Parkside,WI,1,2844.0,0.404,0.6872,11772.0,,14000.0,18199.0,51129.0,0.3503,0.7539,11772.0
240417,University of Wisconsin-Stout,WI,1,5842.0,0.5486,0.789,17490.0,,16000.0,22797.0,58084.0,0.2386,0.8767,17490.0
240444,University of Wisconsin-Madison,WI,1,36902.0,0.8955,0.9616,17354.0,,18058.0,28679.0,73792.0,0.1594,0.452,17354.0
240453,University of Wisconsin-Milwaukee,WI,1,16758.0,0.4932,0.7295,15014.0,,15250.0,22756.0,54990.0,0.3275,0.9068,15014.0
240462,University of Wisconsin-Platteville,WI,1,5837.0,0.5576,0.7903,16032.0,,15000.0,21266.0,61760.0,0.211,0.8938,16032.0
240471,University of Wisconsin-River Falls,WI,1,4205.0,0.57,0.7645,14054.0,,14865.0,19781.0,54458.0,0.2083,0.8172,14054.0
240480,University of Wisconsin-Stevens Point,WI,1,7306.0,0.5078,0.7383,14559.0,,14674.0,20079.0,52021.0,0.287,0.918,14559.0
240727,University of Wyoming,WY,1,7944.0,0.5884,0.7968,13599.0,,12000.0,24818.0,56880.0,0.2275,0.9688,13599.0
240754,University of Guam,GU,1,2515.0,0.369,0.7661,8598.0,,12500.0,14961.0,35946.0,0.4528,,8598.0
241410,Pontifical Catholic University of Puerto Rico-Ponce,PR,2,3874.0,0.4859,0.8312,,13192.0,11337.0,20508.0,24908.0,0.8065,0.9808,13192.0
241739,Universidad Ana G. Mendez-Cupey Campus,PR,2,4540.0,0.3085,0.6858,,7646.0,10006.0,14214.0,24490.0,0.9928,,7646.0
242617,Inter American University of Puerto Rico-San German,PR,2,2569.0,0.4316,0.7955,,9148.0,7000.0,16380.0,25416.0,0.8304,0.4248,9148.0
242626,Inter American University of Puerto Rico-Aguadilla,PR,2,2906.0,0.4288,0.8056,,8742.0,5500.0,16057.0,24776.0,0.8285,0.4176,8742.0
242635,Inter American University of Puerto Rico-Arecibo,PR,2,2220.0,0.3892,0.713,,9217.0,6750.0,16625.0,24539.0,0.771,0.382,9217.0
242653,Inter American University of Puerto Rico-Metro,PR,2,2607.0,0.3881,0.7643,,9788.0,8666.0,16837.0,30821.0,0.6649,0.6972,9788.0
242662,Inter American University of Puerto Rico-Ponce,PR,2,2404.0,0.4144,0.6865,,9026.0,4850.0,16065.0,26721.0,0.8036,0.3373,9026.0
242705,Inter American University of Puerto Rico-Bayamon,PR,2,3476.0,0.3492,0.7387,,9284.0,5500.0,16324.0,29936.0,0.8011,0.3962,9284.0
243115,University of Puerto Rico-Arecibo,PR,1,2669.0,0.52,0.7612,10680.0,,4500.0,17710.0,30512.0,0.8896,0.5918,10680.0
243133,University of Puerto Rico,PR,1,2851.0,0.3706,0.7784,8484.0,,5500.0,12501.0,34409.0,0.8692,0.3533,8484.0
243142,University of Puerto Rico-Carolina,PR,1,2404.0,0.3727,0.7148,12945.0,,4500.0,19396.0,30626.0,0.7603,0.5454,12945.0
243151,University of Puerto Rico at Cayey,PR,1,2069.0,0.4983,0.7593,10176.0,,5000.0,15909.0,30958.0,0.7588,0.53,10176.0
243179,University of Puerto Rico-Humacao,PR,1,2529.0,0.4712,0.8133,12675.0,,5500.0,19547.0,29521.0,0.8058,0.548,12675.0
243197,University of Puerto Rico-Mayaguez,PR,1,9539.0,0.491,0.8701,17936.0,,8000.0,21637.0,48992.0,0.6489,0.5652,17936.0
243212,University of Puerto Rico at Ponce,PR,1,2278.0,0.4618,0.7304,10990.0,,5500.0,17193.0,31394.0,0.8262,0.5245,10990.0
243221,University of Puerto Rico-Rio Piedras,PR,1,8572.0,0.5026,0.7718,9175.0,,5500.0,15118.0,35723.0,0.6647,0.5459,9175.0
243346,Universidad Ana G. Mendez-Carolina Campus,PR,2,4468.0,0.3426,0.7505,,7761.0,10000.0,14113.0,24328.0,0.9046,,7761.0
243443,Universidad del Sagrado Corazon,PR,2,4442.0,0.5207,0.7907,,12924.0,11250.0,19728.0,31754.0,0.7148,0.5802,12924.0
243577,Universidad Politecnica de Puerto Rico,PR,2,3594.0,0.2808,0.7832,,17540.0,12830.0,23368.0,47540.0,0.6217,,17540.0
243601,Universidad Ana G. Mendez-Gurabo Campus,PR,2,7868.0,0.314,0.7514,,7051.0,9000.0,14224.0,26223.0,0.8559,,7051.0
243744,Stanford University,CA,2,7554.0,0.9192,0.9818,,13807.0,9851.0,87833.0,124080.0,0.1916,0.0361,13807.0
243780,Purdue University-Main Campus,IN,1,44503.0,0.831,0.927,14600.0,,15000.0,24591.0,72424.0,0.1298,0.4987,14600.0
262086,University of Massachusetts Global,CA,1,4491.0,0.4286,0.6222,32654.0,,18750.0,35325.0,65703.0,0.2246,,32654.0
366711,California State University-San Marcos,CA,1,14877.0,0.5456,0.7864,10229.0,,13500.0,21649.0,62908.0,0.4261,0.951,10229.0
377555,University of Washington-Bothell Campus,WA,1,5457.0,0.6532,0.8584,12319.0,,12375.0,26908.0,78466.0,0.2864,0.906,12319.0
377564,University of Washington-Tacoma Campus,WA,1,4185.0,0.6324,0.7997,10163.0,,12375.0,25346.0,78466.0,0.3966,0.8252,10163.0
385619,Everglades University,FL,2,2789.0,0.6136,0.7365,,27371.0,18950.0,38913.0,47597.0,0.7201,0.8145,27371.0
409698,California State University-Monterey Bay,CA,1,6819.0,0.5909,0.7987,13663.0,,11000.0,26987.0,59247.0,0.4317,0.974,13663.0
413413,Capella University,MN,3,18364.0,0.2,0.4167,,17956.0,8814.0,22820.0,42189.0,0.3853,,17956.0
426314,Embry-Riddle Aeronautical University-Worldwide,FL,2,9139.0,0.2055,0.6029,,18725.0,14250.0,24878.0,84131.0,0.2551,0.5791,18725.0
433387,Western Governors University,UT,2,155088.0,0.4618,0.6458,,12548.0,8318.0,16728.0,60615.0,0.3942,,12548.0
433660,Florida Gulf Coast University,FL,1,13874.0,0.574,0.8322,12568.0,,11999.0,20807.0,54560.0,0.2788,0.6344,12568.0
436429,Los Angeles Film School,CA,3,5472.0,0.4129,0.5118,,30980.0,15934.0,,31632.0,0.6315,,30980.0
436836,University of Connecticut-Stamford,CT,1,2432.0,0.5654,0.816,16798.0,,18610.0,30122.0,73997.0,0.5071,0.8298,16798.0
441900,Nevada State University,NV,1,3762.0,0.3358,0.7877,14068.0,,12547.0,23718.0,53166.0,0.2284,0.8682,14068.0
441937,California State University-Channel Islands,CA,1,5013.0,0.5132,0.7243,9849.0,,12500.0,23561.0,62152.0,0.466,0.9481,9849.0
442569,University of Arkansas Grantham,AR,1,2833.0,0.4304,0.3026,8370.0,,8491.0,15318.0,63496.0,0.7181,,8370.0
443331,West Coast University-Texas,TX,3,2673.0,0.3125,1.0,,53020.0,24145.0,55938.0,102672.0,0.4481,,53020.0
444787,Nightingale College,UT,3,5986.0,0.2063,0.5,,30852.0,10500.0,,27126.0,0.415,,30852.0
445027,American InterContinental University System,AZ,3,7111.0,0.0851,0.3596,,15172.0,9500.0,22256.0,36144.0,0.71,,15172.0
445188,University of California-Merced,CA,1,8372.0,0.6872,0.8213,11983.0,,12750.0,39665.0,64368.0,0.5889,0.9053,11983.0
445267,Central Methodist University-College of Graduate and Extended Studies,MO,2,2092.0,0.0,0.5294,,14601.0,13292.0,22310.0,48991.0,0.3188,0.8753,14601.0
446561,Stanbridge University,CA,3,2643.0,0.6209,0.8356,,45372.0,16500.0,,62144.0,0.6119,0.1,45372.0
447689,Georgia Gwinnett College,GA,1,11344.0,0.2147,0.6337,15844.0,,9000.0,22547.0,47730.0,0.5181,0.955,15844.0
449339,American Public University System,WV,3,40074.0,0.5716,0.9714,,9597.0,10282.0,18768.0,44409.0,0.2455,,9597.0
450933,Columbia Southern University,AL,3,12176.0,0.3328,0.7099,,14580.0,13980.0,18226.0,63534.0,0.2419,,14580.0
454227,Chamberlain University-Illinois,IL,3,14027.0,0.4167,0.7273,,31837.0,16458.0,40826.0,92405.0,0.3328,0.8264,31837.0
458210,West Coast University-Anaheim-Orange County,CA,3,3192.0,0.6,1.0,,32879.0,24145.0,34887.0,102672.0,0.411,,32879.0
458229,West Coast University-Ontario,CA,3,2671.0,0.3889,0.8889,,49590.0,24145.0,53706.0,102672.0,0.4934,,49590.0
458919,Strayer University-Georgia,GA,3,4299.0,0.2143,0.75,,18318.0,14000.0,25158.0,40092.0,0.8178,,18318.0
459949,Texas A&M University-San Antonio,TX,1,6599.0,0.4017,0.6567,11196.0,,12500.0,21655.0,54338.0,0.5084,0.928,11196.0
459994,Strayer University-Global Region,DC,3,9376.0,0.1429,0.6,,17833.0,14000.0,25158.0,40092.0,0.5443,,17833.0
460349,Johnson & Wales University-Online,RI,2,2202.0,0.0,0.5217,,20252.0,16334.0,26864.0,43418.0,0.3623,0.9097,20252.0
466930,Chamberlain University-Texas,TX,3,2270.0,0.25,0.6087,,32209.0,16458.0,38480.0,92405.0,0.5373,0.8387,32209.0
475121,South University-Savannah Online,GA,3,6433.0,0.0689,0.3395,,28049.0,13000.0,34298.0,34421.0,0.796,,28049.0
479956,Pennsylvania State University-World Campus,PA,1,7877.0,0.3415,0.6585,19550.0,,19500.0,27678.0,63435.0,0.3143,0.9115,19550.0
482149,Augusta University,GA,1,5613.0,0.4881,0.7556,13787.0,,13015.0,23524.0,48472.0,0.3879,0.8641,13787.0
482158,Middle Georgia State University,GA,1,6574.0,0.2533,0.6529,12361.0,,9500.0,19617.0,40863.0,0.4288,0.9968,12361.0
482680,University of North Georgia,GA,1,16146.0,0.3729,0.7347,9823.0,,9673.0,18177.0,50135.0,0.2809,0.6794,9823.0
484473,University of Florida-Online,FL,1,4627.0,0.8468,0.9482,4815.0,,14000.0,17843.0,71588.0,0.2181,0.6126,4815.0
484613,University of Phoenix-Arizona,AZ,3,85991.0,0.2084,0.408,,13520.0,16690.0,19909.0,37752.0,0.4981,,13520.0
486840,Kennesaw State University,GA,1,41254.0,0.522,0.7672,15048.0,,14250.0,24008.0,57552.0,0.3774,0.6919,15048.0
487524,Husson University,ME,2,2618.0,0.5935,0.7535,,21005.0,21500.0,35852.0,45025.0,0.3881,0.8095,21005.0
490805,Purdue University Northwest,IN,1,5671.0,0.4291,0.657,6079.0,,13031.0,15571.0,48318.0,0.2806,0.7236,6079.0
492962,Indiana Institute of Technology-College of Professional Studies,IN,2,2686.0,0.28,0.5455,,20473.0,12564.0,26033.0,47327.0,0.5526,,20473.0
498562,Commonwealth University of Pennsylvania,PA,1,9210.0,0.5448,0.7757,15699.0,,19500.0,25161.0,52416.0,0.3179,0.9309,15699.0
498571,Pennsylvania Western University,PA,1,7451.0,0.5188,0.7169,18256.0,,16750.0,26916.0,47295.0,0.383,0.9433,18256.0
